Workbook

Sheet 全部菌密码子
B1: ASV45:s_unclassified_g__Escherichia-Shigella | C1: ASV1833:s_unclassified_g__Enterococcus | D1: ASV3729:s_Cloacibacillus_porcorum | E1: ASV31:s_Lactobacillus_vaginalis_g__Bacillus | F1: ASV17:s_uncultured_bacterium_g__Sharpea | G1: ASV9:s_unclassified_g__Romboutsia | H1: ASV73:s_unclassified_g__Turicibacter | I1: ASV1517:s_unclassified_g__Escherichia-Shigella | J1: ASV7:s_unclassified_g__Lactobacillus | K1: ASV30:s_unclassified_g__Clostridium_sensu_stricto_1 | L1: ASV21:s_Clostridium_scindens | M1: ASV54:s_unclassified_g__Clostridium_sensu_stricto_1 | N1: ASV33:s_gut_metagenome_g__norank_f__norank | O1: ASV1834:s_unclassified_f__Lachnospiraceae | P1: ASV28:s_uncultured_prokaryote_g__Christensenellaceae_R-7_group | Q1: ASV3787:s_uncultured_organism_g__UCG-002 | R1: ASV8:s_unclassified_g__Coprococcus | S1: ASV4:s_uncultured_spirochete_g__Christensenellaceae_R-7_group | T1: ASV1831:s_Eubacterium_coprostanoligenes | U1: ASV1555:s_unclassified_g__Enterococcus | V1: ASV1853:s_unclassified_g__Lactobacillus | W1: ASV22:s_unclassified_g__Lactobacillus | X1: ASV7036:s_unclassified_g__Bacteroides | Y1: ASV2:s_unclassified_g__Lactobacillus | Z1: ASV77:s_unclassified_g__Lactobacillus | AA1: ASV167:s_unclassified_g__Collinsella | AB1: ASV1540:s_unclassified_g__Megasphaera | AC1: ASV3402:s_unclassified_g__Megasphaera | AD1: ASV2874:s_unclassified_g__Fusobacterium | AE1: ASV2996:s_unclassified_g__Fusobacterium | AF1: ASV318:s_unclassified_g__Peptostreptococcus | AG1: ASV2586:s_unclassified_g__Campylobacter | AH1: ASV1515:s_unclassified_g__Streptococcus | AI1: ASV5:s_unclassified_g__UCG-002 | AJ1: ASV2860:s_unclassified_g__Phascolarctobacterium | AK1: ASV48:s_unclassified_g__Blautia | AL1: ASV38:s_unclassified_g__Blautia | AM1: ASV2839:s_Pasteurella_aerogenes | AN1: ASV1527:s_Lactobacillus_vaginalis_g__Bacillus | AO1: ASV172:s_uncultured_bacterium_g__Mogibacterium | AP1: ASV1089:s_Fusobacterium_gastrosuis | AQ1: ASV3058:s_uncultured_bacterium_g__Allisonella | AR1: H6_PBMC | AS1: H7_PBMC | AT1: W10_PBMC | AU1: W6_PBMC
A2: AAA | B2: 1.5344933 | C2: 1.552725 | D2: 0 | E2: 1.0956245 | F2: 1.1003009 | G2: 1.5187491 | H2: 1.5591946 | I2: 1.5296648 | J2: 1.2350621 | K2: 1.3844375 | L2: 0.86034145 | M2: 1.4183298 | N2: 1.1789639 | O2: 1.1190215 | P2: 1.1158873 | Q2: 0.45727555 | R2: 1.2088429 | S2: 1.0443849 | T2: 1.1214768 | U2: 1.552149 | V2: 0.50928423 | W2: 0.8899004 | X2: 1.2818064 | Y2: 0.94544423 | Z2: 0.51771298 | AA2: 0.32621684 | AB2: 1.0685378 | AC2: 1.0705512 | AD2: 1.6205278 | AE2: 1.5278473 | AF2: 1.2526677 | AG2: 1.6783762 | AH2: 1.5970184 | AI2: 1.4902614 | AJ2: 0.92982259 | AK2: 1.3642961 | AL2: 1.2745115 | AM2: 1.7985108 | AN2: 0.8443391 | AO2: 0.75492687 | AP2: 1.6843118 | AQ2: 0.88084687 | AR2: 0.82420333 | AS2: 0.84761225 | AT2: 0.72913694 | AU2: 0.72889925
A3: AAC | B3: 1.1056573 | C3: 0.44191523 | D3: 1.3276645 | E3: 0 | F3: 0.44965649 | G3: 0.33113056 | H3: 0.41820066 | I3: 1.0947583 | J3: 0.49387857 | K3: 0.34829941 | L3: 0.74777448 | M3: 0.2615033 | N3: 0.23711186 | O3: 0.83726107 | P3: 1.0548613 | Q3: 1.6368538 | R3: 0.66831659 | S3: 0.95215697 | T3: 0.93924179 | U3: 0.44187311 | V3: 1.3166014 | W3: 0.9463945 | X3: 0.80780773 | Y3: 0.83513347 | Z3: 1.2931713 | AA3: 1.5653435 | AB3: 1.0367471 | AC3: 1.0558359 | AD3: 0.30417004 | AE3: 0.41853426 | AF3: 0.46567213 | AG3: 0.2755878 | AH3: 0.5642554 | AI3: 0.93756226 | AJ3: 0.9635142 | AK3: 0.63390209 | AL3: 0.65698822 | AM3: 0.57416653 | AN3: 0.76651457 | AO3: 1.1311703 | AP3: 0.26299282 | AQ3: 0.71951558 | AR3: 1.0953025 | AS3: 1.0755309 | AT3: 1.2093849 | AU3: 1.2117844
A4: AAG | B4: 0.4655067 | C4: 0.44727505 | D4: 0 | E4: 0.90437554 | F4: 0.8996991 | G4: 0.48125091 | H4: 0.44080537 | I4: 0.4703352 | J4: 0.76493793 | K4: 0.61556252 | L4: 1.1396586 | M4: 0.58167015 | N4: 0.82103611 | O4: 0.88097848 | P4: 0.8841127 | Q4: 1.5427245 | R4: 0.79115708 | S4: 0.95561514 | T4: 0.87852324 | U4: 0.44785105 | V4: 1.4907158 | W4: 1.1100996 | X4: 0.71819363 | Y4: 1.0545558 | Z4: 1.482287 | AA4: 1.6737832 | AB4: 0.93146217 | AC4: 0.92944883 | AD4: 0.37947216 | AE4: 0.47215268 | AF4: 0.74733231 | AG4: 0.32162383 | AH4: 0.4029816 | AI4: 0.5097386 | AJ4: 1.0701774 | AK4: 0.63570392 | AL4: 0.72548854 | AM4: 0.2014892 | AN4: 1.1556609 | AO4: 1.2450731 | AP4: 0.31568819 | AQ4: 1.1191531 | AR4: 1.1757967 | AS4: 1.1523878 | AT4: 1.2708631 | AU4: 1.2711007
A5: AAT | B5: 0.89434271 | C5: 1.5580848 | D5: 0.6723355 | E5: 0 | F5: 1.5503435 | G5: 1.6688694 | H5: 1.5817993 | I5: 0.90524175 | J5: 1.5061214 | K5: 1.6517006 | L5: 1.2522255 | M5: 1.7384967 | N5: 1.7628881 | O5: 1.1627389 | P5: 0.94513874 | Q5: 0.36314621 | R5: 1.3316834 | S5: 1.047843 | T5: 1.0607582 | U5: 1.5581269 | V5: 0.68339855 | W5: 1.0536055 | X5: 1.1921923 | Y5: 1.1648665 | Z5: 0.70682875 | AA5: 0.43465653 | AB5: 0.9632529 | AC5: 0.9441641 | AD5: 1.69583 | AE5: 1.5814657 | AF5: 1.5343279 | AG5: 1.7244122 | AH5: 1.4357446 | AI5: 1.0624377 | AJ5: 1.0364858 | AK5: 1.3660979 | AL5: 1.3430118 | AM5: 1.4258335 | AN5: 1.2334854 | AO5: 0.86882972 | AP5: 1.7370072 | AQ5: 1.2804844 | AR5: 0.90469753 | AS5: 0.92446909 | AT5: 0.79061514 | AU5: 0.78821564
A6: ACA | B6: 0.51469138 | C6: 1.2775862 | D6: 0 | E6: 0 | F6: 2.2324906 | G6: 1.7933592 | H6: 1.7010858 | I6: 0.52534263 | J6: 1.0469924 | K6: 1.6724142 | L6: 1.0441376 | M6: 1.8077399 | N6: 1.7989976 | O6: 0.87104425 | P6: 0.79379342 | Q6: 0.21643251 | R6: 1.695286 | S6: 0.82251533 | T6: 1.9253987 | U6: 1.2742812 | V6: 0.31146774 | W6: 0.36462414 | X6: 1.0646685 | Y6: 0.7603421 | Z6: 0.31869402 | AA6: 0.2060243 | AB6: 0.51982011 | AC6: 0.50972855 | AD6: 1.7680812 | AE6: 1.441668 | AF6: 1.7432823 | AG6: 1.2536876 | AH6: 1.7040754 | AI6: 1.8633721 | AJ6: 0.77867461 | AK6: 1.8813726 | AL6: 1.8431514 | AM6: 0.78504673 | AN6: 0.97127704 | AO6: 0.59505286 | AP6: 1.972937 | AQ6: 1.0422389 | AR6: 1.075281 | AS6: 1.097374 | AT6: 0.95089291 | AU6: 0.94136558
A7: ACC | B7: 1.7506286 | C7: 0.76143335 | D7: 0 | E7: 0 | F7: 0.35337741 | G7: 0.12223404 | H7: 0.45786628 | I7: 1.7348147 | J7: 0.45526833 | K7: 0.25379995 | L7: 1.1443052 | M7: 0.14512864 | N7: 0.41382856 | O7: 1.6153628 | P7: 0.92791865 | Q7: 2.8040785 | R7: 0.89875482 | S7: 1.3480238 | T7: 0.80722073 | U7: 0.76117119 | V7: 1.6818394 | W7: 1.1420238 | X7: 1.1646848 | Y7: 0.7357618 | Z7: 1.6638255 | AA7: 2.0034393 | AB7: 1.3025976 | AC7: 1.3097075 | AD7: 0.12168678 | AE7: 0.72801925 | AF7: 0.29052382 | AG7: 0.72013285 | AH7: 0.53819373 | AI7: 1.1400634 | AJ7: 1.4469099 | AK7: 0.71101927 | AL7: 0.80768374 | AM7: 1.4485119 | AN7: 0.89344707 | AO7: 1.9434114 | AP7: 0.16483179 | AQ7: 1.5702854 | AR7: 1.4166976 | AS7: 1.3920074 | AT7: 1.578409 | AU7: 1.5754043
A8: ACG | B8: 1.0725052 | C8: 0.78112741 | D8: 0 | E8: 0 | F8: 0.46363283 | G8: 0.16386877 | H8: 0.91863379 | I8: 1.0806369 | J8: 0.31045558 | K8: 0.060896423 | L8: 1.2672999 | M8: 0.11871302 | N8: 0.21616759 | O8: 1.096354 | P8: 1.9430625 | Q8: 0.83626771 | R8: 0.73897278 | S8: 1.2650393 | T8: 0.34964899 | U8: 0.78259035 | V8: 0.79565327 | W8: 1.6469848 | X8: 0.70528006 | Y8: 0.50490972 | Z8: 0.78243282 | AA8: 1.5072946 | AB8: 1.7919442 | AC8: 1.7868934 | AD8: 0.041343669 | AE8: 0.71942261 | AF8: 0.45502387 | AG8: 0.28348149 | AH8: 0.64233054 | AI8: 0.43375617 | AJ8: 0.78165302 | AK8: 0.62132042 | AL8: 0.46648107 | AM8: 0.77239396 | AN8: 0.63043548 | AO8: 1.004361 | AP8: 0.14669893 | AQ8: 0.65559935 | AR8: 0.55933646 | AS8: 0.53974269 | AT8: 0.64597244 | AU8: 0.66047694
A9: ACT | B9: 0.66217474 | C9: 1.1798531 | D9: 0 | E9: 0 | F9: 0.95049916 | G9: 1.920538 | H9: 0.92241417 | I9: 0.6592058 | J9: 2.1872837 | K9: 2.0128894 | L9: 0.54425732 | M9: 1.9284184 | N9: 1.5710063 | O9: 0.41723894 | P9: 0.3352254 | Q9: 0.14322129 | R9: 0.66698643 | S9: 0.56442162 | T9: 0.91773155 | U9: 1.1819573 | V9: 1.2110395 | W9: 0.8463672 | X9: 1.0653666 | Y9: 1.9989864 | Z9: 1.2350477 | AA9: 0.2832418 | AB9: 0.3856381 | AC9: 0.39367052 | AD9: 2.0688884 | AE9: 1.1108901 | AF9: 1.51117 | AG9: 1.7426981 | AH9: 1.1154004 | AI9: 0.56280832 | AJ9: 0.99276247 | AK9: 0.78628773 | AL9: 0.88268374 | AM9: 0.99404745 | AN9: 1.5048404 | AO9: 0.45717475 | AP9: 1.7155322 | AQ9: 0.73187627 | AR9: 0.94868493 | AS9: 0.97087592 | AT9: 0.82472566 | AU9: 0.82275323
A10: AGA | B10: 0.21333008 | C10: 1.1085595 | D10: 0 | E10: 0.46743804 | F10: 2.1507092 | G10: 4.9494198 | H10: 1.0592135 | I10: 0.22055788 | J10: 1.9959153 | K10: 5.1465397 | L10: 1.4813218 | M10: 4.9301618 | N10: 3.4057454 | O10: 1.0439228 | P10: 0.56284348 | Q10: 0.13977768 | R10: 1.9790772 | S10: 0.76583682 | T10: 2.8377993 | U10: 1.1081948 | V10: 0.97058824 | W10: 0.42386003 | X10: 0.82834924 | Y10: 1.7803473 | Z10: 1.0101963 | AA10: 0.090549592 | AB10: 0.24602622 | AC10: 0.24292563 | AD10: 5.3436626 | AE10: 3.0704132 | AF10: 4.4608331 | AG10: 3.1309334 | AH10: 0.69197442 | AI10: 1.625922 | AJ10: 0.79962936 | AK10: 2.038995 | AL10: 2.1077663 | AM10: 0.41943872 | AN10: 0.43845743 | AO10: 1.1297387 | AP10: 5.0807683 | AQ10: 1.3217935 | AR10: 1.214156 | AS10: 1.2785368 | AT10: 1.0274827 | AU10: 1.0239431
A11: AGC | B11: 1.6704955 | C11: 0.70664202 | D11: 0 | E11: 0 | F11: 0.76668833 | G11: 0.46283478 | H11: 0.41793973 | I11: 1.658763 | J11: 0.64170564 | K11: 0.51752079 | L11: 1.5822501 | M11: 0.49070632 | N11: 0.86965398 | O11: 1.6090639 | P11: 1.7633126 | Q11: 2.018353 | R11: 1.034682 | S11: 1.242341 | T11: 1.2037545 | U11: 0.70701701 | V11: 2.0319047 | W11: 1.4182496 | X11: 0.92798815 | Y11: 0.90089474 | Z11: 2.0016269 | AA11: 1.6064423 | AB11: 1.6467848 | AC11: 1.6248377 | AD11: 0.32473735 | AE11: 0.66604423 | AF11: 0.67258258 | AG11: 1.3385707 | AH11: 0.84659977 | AI11: 1.4932739 | AJ11: 2.2699561 | AK11: 0.95723847 | AL11: 1.0350585 | AM11: 1.1051922 | AN11: 0.7876251 | AO11: 1.4975636 | AP11: 0.39546064 | AQ11: 1.0489909 | AR11: 1.4353908 | AS11: 1.4128015 | AT11: 1.604821 | AU11: 1.6032355
A12: AGG | B12: 0.11825465 | C12: 0.20936475 | D12: 0 | E12: 0.20944414 | F12: 0.32291667 | G12: 0.59569674 | H12: 0.22083348 | I12: 0.12766633 | J12: 0.27407223 | K12: 0.58369413 | L12: 1.3433801 | M12: 0.63620878 | N12: 0.76179493 | O12: 1.2335059 | P12: 0.9292184 | Q12: 0.47153372 | R12: 0.5749934 | S12: 0.83352296 | T12: 0.48707785 | U12: 0.21027515 | V12: 0.32506394 | W12: 0.15049934 | X12: 0.42399547 | Y12: 0.20327544 | Z12: 0.32781035 | AA12: 0.25905899 | AB12: 0.20042869 | AC12: 0.19574369 | AD12: 0.39143533 | AE12: 0.48132231 | AF12: 0.92821588 | AG12: 0.58489965 | AH12: 0.19781308 | AI12: 0.27879344 | AJ12: 0.3270601 | AK12: 0.50693536 | AL12: 0.70199645 | AM12: 0.060180338 | AN12: 0.24020306 | AO12: 0.18943858 | AP12: 0.50975306 | AQ12: 0.59285972 | AR12: 1.1964193 | AS12: 1.2143534 | AT12: 1.208372 | AU12: 1.2079256
A13: AGT | B13: 0.9021513 | C13: 1.7672887 | D13: 0 | E13: 0 | F13: 1.4540227 | G13: 1.8204617 | H13: 1.5965562 | I13: 0.91770624 | J13: 1.7109246 | K13: 1.7464985 | L13: 0.69048899 | M13: 1.8811042 | N13: 1.6731653 | O13: 0.68506088 | P13: 0.57562415 | Q13: 0.19554541 | R13: 1.197236 | S13: 0.49089058 | T13: 0.66554503 | U13: 1.7665553 | V13: 0.60804501 | W13: 1.0685248 | X13: 1.148847 | Y13: 1.3710078 | Z13: 0.63358641 | AA13: 0.28282774 | AB13: 0.6601586 | AC13: 0.64817833 | AD13: 1.8883886 | AE13: 1.3861916 | AF13: 1.2327629 | AG13: 1.9333293 | AH13: 1.2730417 | AI13: 0.80998363 | AJ13: 0.80542419 | AK13: 1.254657 | AL13: 1.1535039 | AM13: 1.2478642 | AN13: 1.6077296 | AO13: 0.52382242 | AP13: 1.5992844 | AQ13: 0.77763966 | AR13: 0.92346384 | AS13: 0.93824381 | AT13: 0.80201005 | AU13: 0.80786687
... A63: TTT | B63: 1.1465698 | C63: 1.5330098 | D63: 0 | E63: 0 | F63: 1.2779976 | G63: 1.6435451 | H63: 1.4933101 | I63: 1.1526965 | J63: 1.5625382 | K63: 1.6115098 | L63: 1.0975777 | M63: 1.6992623 | N63: 1.6612346 | O63: 1.2258786 | P63: 1.2441648 | Q63: 0.5766491 | R63: 1.3049365 | S63: 0.90606045 | T63: 1.2750498 | U63: 1.5327527 | V63: 0.99786875 | W63: 1.3999162 | X63: 1.0645507 | Y63: 1.2577514 | Z63: 1.0111504 | AA63: 1.0089725 | AB63: 0.71760326 | AC63: 0.70626695 | AD63: 1.6897588 | AE63: 1.551225 | AF63: 1.5479168 | AG63: 1.8342667 | AH63: 1.4416388 | AI63: 1.135451 | AJ63: 1.1244314 | AK63: 1.3806403 | AL63: 1.3609676 | AM63: 1.520108 | AN63: 1.3528005 | AO63: 0.7323119 | AP63: 1.7178392 | AQ63: 1.1331817 | AR63: 0.93328604 | AS63: 0.95309771 | AT63: 0.82910161 | AU63: 0.82559922

Sheet 全部菌密码子mean
B1: ASV45:s__unclassified_g__Escherichia-Shigella | C1: ASV1833:s__unclassified_g__Enterococcus | D1: ASV3729:s__Cloacibacillus_porcorum | E1: ASV31:s__Lactobacillus_vaginalis_g__Bacillus | F1: ASV17:s__uncultured_bacterium_g__Sharpea | G1: ASV9:s__unclassified_g__Romboutsia | H1: ASV73:s__unclassified_g__Turicibacter | I1: ASV1517:s__unclassified_g__Escherichia-Shigella | J1: ASV7:s__unclassified_g__Lactobacillus | K1: ASV30:s__unclassified_g__Clostridium_sensu_stricto_1 | L1: ASV21:s__Clostridium_scindens | M1: ASV54:s__unclassified_g__Clostridium_sensu_stricto_1 | N1: ASV33:s__gut_metagenome_g__norank_f__norank | O1: ASV1834:s__unclassified_f__Lachnospiraceae | P1: ASV28:s__uncultured_prokaryote_g__Christensenellaceae_R-7_group | Q1: ASV3787:s__uncultured_organism_g__UCG-002 | R1: ASV8:s__unclassified_g__Coprococcus | S1: ASV4:s__uncultured_spirochete_g__Christensenellaceae_R-7_group | T1: ASV1831:s__Eubacterium_coprostanoligenes | U1: ASV1555:s__unclassified_g__Enterococcus | V1: ASV1853:s__unclassified_g__Lactobacillus | W1: ASV22:s__unclassified_g__Lactobacillus | X1: ASV7036:s__unclassified_g__Bacteroides | Y1: ASV2:s__unclassified_g__Lactobacillus | Z1: ASV77:s__unclassified_g__Lactobacillus | AA1: ASV167:s__unclassified_g__Collinsella | AB1: ASV1540:s__unclassified_g__Megasphaera | AC1: ASV3402:s__unclassified_g__Megasphaera | AD1: ASV2874:s__unclassified_g__Fusobacterium | AE1: ASV2996:s__unclassified_g__Fusobacterium | AF1: ASV318:s__unclassified_g__Peptostreptococcus | AG1: ASV2586:s__unclassified_g__Campylobacter | AH1: ASV1515:s__unclassified_g__Streptococcus | AI1: ASV5:s__unclassified_g__UCG-002 | AJ1: ASV2860:s__unclassified_g__Phascolarctobacterium | AK1: ASV48:s__unclassified_g__Blautia | AL1: ASV38:s__unclassified_g__Blautia | AM1: ASV2839:s__Pasteurella_aerogenes | AN1: ASV1527:s__Lactobacillus_vaginalis_g__Bacillus | AO1: ASV172:s__uncultured_bacterium_g__Mogibacterium | AP1: ASV1089:s__Fusobacterium_gastrosuis | AQ1: ASV3058:s__uncultured_bacterium_g__Allisonella | AR1: H6_PBMC | AS1: H7_PBMC | AT1: W10_PBMC | AU1: W6_PBMC
A2: allAA_AT3 | B2: 0.9089904 | C2: 1.4144161 | D2: 0.19386722 | E2: 0.7168454 | F2: 1.4279897 | G2: 1.7084742 | H2: 1.5096558 | I2: 0.91146862 | J2: 1.5319888 | K2: 1.6989296 | L2: 0.92000512 | M2: 1.7197577 | N2: 1.6101518 | O2: 0.87471586 | P2: 0.79976534 | Q2: 0.29372803 | R2: 1.1500348 | S2: 0.76655069 | T2: 1.2509115 | U2: 1.4138069 | V2: 0.73486264 | W2: 0.97840061 | X2: 1.0953516 | Y2: 1.35846 | Z2: 0.75518654 | AA2: 0.47886589 | AB2: 0.66405032 | AC2: 0.65751558 | AD2: 1.7174321 | AE2: 1.3802257 | AF2: 1.4534231 | AG2: 1.534955 | AH2: 1.4180846 | AI2: 1.0424684 | AJ2: 0.95884198 | AK2: 1.2308953 | AL2: 1.2039935 | AM2: 1.2348929 | AN2: 1.294389 | AO2: 0.73680724 | AP2: 1.6900434 | AQ2: 1.0261746 | AR2: 0.78361957 | AS2: 0.80302758 | AT2: 0.68292307 | AU2: 0.68045617
A3: allAA_GC3 | B3: 1.0970769 | C3: 0.55795612 | D3: 0.52654164 | E3: 0.33536491 | F3: 0.54347763 | G3: 0.24429415 | H3: 0.45636711 | I3: 1.0944335 | J3: 0.4325453 | K3: 0.25447514 | L3: 1.0853279 | M3: 0.2322585 | N3: 0.34917143 | O3: 1.1336364 | P3: 1.2135836 | Q3: 1.7533568 | R3: 0.83996285 | S3: 1.2490126 | T3: 0.73236104 | U3: 0.55860602 | V3: 1.2828132 | W3: 1.0230393 | X3: 0.89829164 | Y3: 0.61764266 | Z3: 1.2611344 | AA3: 1.5558764 | AB3: 1.3583463 | AC3: 1.3653167 | AD3: 0.23473906 | AE3: 0.59442591 | AF3: 0.51634874 | AG3: 0.42938136 | AH3: 0.55404309 | AI3: 0.9547004 | AJ3: 1.0439019 | AK3: 0.75371173 | AL3: 0.78240694 | AM3: 0.7494476 | AN3: 0.68598507 | AO3: 1.2807389 | AP3: 0.26395375 | AQ3: 0.97208042 | AR3: 1.1308058 | AS3: 1.1101039 | AT3: 1.2382154 | AU3: 1.2408467

Sheet alljun
A1: asv | C1: ASV45 | D1: ASV1833 | E1: ASV3729 | F1: ASV31 | G1: ASV17 | H1: ASV9 | I1: ASV73 | J1: ASV1517 | K1: ASV7 | L1: ASV30 | M1: ASV21 | N1: ASV54 | O1: ASV33 | P1: ASV1834 | Q1: ASV28 | R1: ASV3787 | S1: ASV8 | T1: ASV4 | U1: ASV1831 | V1: ASV1555 | W1: ASV1853 | X1: ASV22 | Y1: ASV7036 | Z1: ASV2 | AA1: ASV77 | AB1: ASV167 | AC1: ASV1540 | AD1: ASV3402 | AE1: ASV2874 | AF1: ASV2996 | AG1: ASV318 | AH1: ASV2586 | AI1: ASV1515 | AJ1: ASV5 | AK1: ASV2860 | AL1: ASV48 | AM1: ASV38 | AN1: ASV2839 | AO1: ASV1527 | AP1: ASV172 | AQ1: ASV1089 | AR1: ASV3058 | AS1: #N/A | AT1: #N/A | AU1: #N/A | AV1: #N/A
A2: HW_name | C2: H_CE_GCA_000005845.2 | D2: H_CE_GCA_000407565.1 | E2: H_CE_GCA_001701045.1 | F2: H_CE_GCA_003703885.1 | G2: H_CE_GCA_009695655.1 | H2: H_CE_GCA_012317385.1 | I2: H_CE_GCA_013046825.1 | J2: H_CE_GCA_013374815.1 | K2: H_CE_GCA_014058685.1 | L2: H_CE_GCA_020138775.1 | M2: H_CE_GCA_020892115.1 | N2: H_CE_GCA_021412605.1 | O2: H_CE_GCA_022010015.1 | P2: H_CE_GCA_022845955.1 | Q2: H_CE_GCA_022846015.1 | R2: H_CE_GCA_022846095.1 | S2: H_CE_GCA_025149785.1 | T2: H_CE_GCA_900163975.1 | U2: H_CE_GCA_900167205.1 | V2: H_CE_GCA_900474605.1 | W2: W_CE_GCA_000056065.1 | X2: W_CE_GCA_014898655.1 | Y2: W_CE_GCA_000025985.1 | Z2: W_CE_GCA_000194115.1 | AA2: W_CE_GCA_001908415.1 | AB2: W_CE_GCA_002736145.1 | AC2: W_CE_GCA_003006415.1 | AD2: W_CE_GCA_003010495.1 | AE2: W_CE_GCA_003019315.1 | AF2: W_CE_GCA_003732525.1 | AG2: W_CE_GCA_009695815.1 | AH2: W_CE_GCA_009730395.1 | AI2: W_CE_GCA_013267695.1 | AJ2: W_CE_GCA_014982935.1 | AK2: W_CE_GCA_023497905.1 | AL2: W_CE_GCA_025147765.1 | AM2: W_CE_GCA_025148125.1 | AN2: W_CE_GCA_025264445.1 | AO2: W_CE_GCA_025311515.1 | AP2: W_CE_GCA_029224645.1 | AQ2: W_CE_GCA_034174805.1 | AR2: W_CE_GCA_900103425.1 | AS2: H6_PBMC | AT2: H7_PBMC | AU2: W10_PBMC | AV2: W6_PBMC
A3: name | C3: GCA_000005845.2 | D3: GCA_000407565.1 | E3: GCA_001701045.1 | F3: GCA_003703885.1 | G3: GCA_009695655.1 | H3: GCA_012317385.1 | I3: GCA_013046825.1 | J3: GCA_013374815.1 | K3: GCA_014058685.1 | L3: GCA_020138775.1 | M3: GCA_020892115.1 | N3: GCA_021412605.1 | O3: GCA_022010015.1 | P3: GCA_022845955.1 | Q3: GCA_022846015.1 | R3: GCA_022846095.1 | S3: GCA_025149785.1 | T3: GCA_900163975.1 | U3: GCA_900167205.1 | V3: GCA_900474605.1 | W3: GCA_000056065.1 | X3: GCA_014898655.1 | Y3: GCA_000025985.1 | Z3: GCA_000194115.1 | AA3: GCA_001908415.1 | AB3: GCA_002736145.1 | AC3: GCA_003006415.1 | AD3: GCA_003010495.1 | AE3: GCA_003019315.1 | AF3: GCA_003732525.1 | AG3: GCA_009695815.1 | AH3: GCA_009730395.1 | AI3: GCA_013267695.1 | AJ3: GCA_014982935.1 | AK3: GCA_023497905.1 | AL3: GCA_025147765.1 | AM3: GCA_025148125.1 | AN3: GCA_025264445.1 | AO3: GCA_025311515.1 | AP3: GCA_029224645.1 | AQ3: GCA_034174805.1 | AR3: GCA_900103425.1 | AS3: H6_PBMC | AT3: H7_PBMC | AU3: W10_PBMC | AV3: W6_PBMC
C4: ASV45:g__Escherichia-Shigella_s__unclassified_g__Escherichia-Shigella | D4: ASV1833:g__Enterococcus_s__unclassified_g__Enterococcus | E4: ASV3729:g__Cloacibacillus_s__Cloacibacillus_porcorum | F4: ASV31:g__Bacillus_s__Lactobacillus_vaginalis_g__Bacillus | G4: ASV17:g__Sharpea_s__uncultured_bacterium_g__Sharpea | H4: ASV9:g__Romboutsia_s__unclassified_g__Romboutsia | I4: ASV73:g__Turicibacter_s__unclassified_g__Turicibacter | J4: ASV1517:g__Escherichia-Shigella_s__unclassified_g__Escherichia-Shigella | K4: ASV7:g__Lactobacillus_s__unclassified_g__Lactobacillus | L4: ASV30:g__Clostridium_sensu_stricto_1_s__unclassified_g__Clostridium_sensu_stricto_1 | M4: ASV21:g__Lachnoclostridium_s__Clostridium_scindens | N4: ASV54:g__Clostridium_sensu_stricto_1_s__unclassified_g__Clostridium_sensu_stricto_1 | O4: ASV33:g__norank_f__norank_o__Clostridia_vadinBB60_group_s__gut_metagenome_g__norank_f__norank | P4: ASV1834:g__unclassified_f__Lachnospiraceae_s__unclassified_f__Lachnospiraceae | Q4: ASV28:g__Christensenellaceae_R-7_group_s__uncultured_prokaryote_g__Christensenellaceae_R-7_group | R4: ASV3787:g__UCG-002_s__uncultured_organism_g__UCG-002 | S4: ASV8:g__Coprococcus_s__unclassified_g__Coprococcus | T4: ASV4:g__Christensenellaceae_R-7_group_s__uncultured_spirochete_g__Christensenellaceae_R-7_group | U4: ASV1831:g__norank_f__Eubacterium_coprostanoligenes_group_s__Eubacterium_coprostanoligenes | V4: ASV1555:g__Enterococcus_s__unclassified_g__Enterococcus | W4: ASV1853:g__Lactobacillus_s__unclassified_g__Lactobacillus | X4: ASV22:g__Lactobacillus_s__unclassified_g__Lactobacillus | Y4: ASV7036:g__Bacteroides_s__unclassified_g__Bacteroides | Z4: ASV2:g__Lactobacillus_s__unclassified_g__Lactobacillus | AA4: ASV77:g__Lactobacillus_s__unclassified_g__Lactobacillus | AB4: ASV167:g__Collinsella_s__unclassified_g__Collinsella | AC4: ASV1540:g__Megasphaera_s__unclassified_g__Megasphaera | AD4: ASV3402:g__Megasphaera_s__unclassified_g__Megasphaera | AE4: ASV2874:g__Fusobacterium_s__unclassified_g__Fusobacterium | AF4: ASV2996:g__Fusobacterium_s__unclassified_g__Fusobacterium | AG4: ASV318:g__Peptostreptococcus_s__unclassified_g__Peptostreptococcus | AH4: ASV2586:g__Campylobacter_s__unclassified_g__Campylobacter | AI4: ASV1515:g__Streptococcus_s__unclassified_g__Streptococcus | AJ4: ASV5:g__UCG-002_s__unclassified_g__UCG-002 | AK4: ASV2860:g__Phascolarctobacterium_s__unclassified_g__Phascolarctobacterium | AL4: ASV48:g__Blautia_s__unclassified_g__Blautia | AM4: ASV38:g__Blautia_s__unclassified_g__Blautia | AN4: ASV2839:g__Pasteurella_s__Pasteurella_aerogenes | AO4: ASV1527:g__Bacillus_s__Lactobacillus_vaginalis_g__Bacillus | AP4: ASV172:g__Mogibacterium_s__uncultured_bacterium_g__Mogibacterium | AQ4: ASV1089:g__Fusobacterium_s__Fusobacterium_gastrosuis | AR4: ASV3058:g__Allisonella_s__uncultured_bacterium_g__Allisonella
A5: AAA | B5: =IF(OR(RIGHT(A5,1)="A",RIGHT(A5,1)="T"),"A/T","G/C") -> A/T | C5: 1.5344933 | D5: 1.552725 | E5: 0 | F5: 1.0956245 | G5: 1.1003009 | H5: 1.5187491 | I5: 1.5591946 | J5: 1.5296648 | K5: 1.2350621 | L5: 1.3844375 | M5: 0.86034145 | N5: 1.4183298 | O5: 1.1789639 | P5: 1.1190215 | Q5: 1.1158873 | R5: 0.45727555 | S5: 1.2088429 | T5: 1.0443849 | U5: 1.1214768 | V5: 1.552149 | W5: 0.50928423 | X5: 0.8899004 | Y5: 1.2818064 | Z5: 0.94544423 | AA5: 0.51771298 | AB5: 0.32621684 | AC5: 1.0685378 | AD5: 1.0705512 | AE5: 1.6205278 | AF5: 1.5278473 | AG5: 1.2526677 | AH5: 1.6783762 | AI5: 1.5970184 | AJ5: 1.4902614 | AK5: 0.92982259 | AL5: 1.3642961 | AM5: 1.2745115 | AN5: 1.7985108 | AO5: 0.8443391 | AP5: 0.75492687 | AQ5: 1.6843118 | AR5: 0.88084687 | AS5: 0.82420333 | AT5: 0.84761225 | AU5: 0.72913694 | AV5: 0.72889925
A6: AAC | B6: =IF(OR(RIGHT(A6,1)="A",RIGHT(A6,1)="T"),"A/T","G/C") -> G/C | C6: 1.1056573 | D6: 0.44191523 | E6: 1.3276645 | F6: 0 | G6: 0.44965649 | H6: 0.33113056 | I6: 0.41820066 | J6: 1.0947583 | K6: 0.49387857 | L6: 0.34829941 | M6: 0.74777448 | N6: 0.2615033 | O6: 0.23711186 | P6: 0.83726107 | Q6: 1.0548613 | R6: 1.6368538 | S6: 0.66831659 | T6: 0.95215697 | U6: 0.93924179 | V6: 0.44187311 | W6: 1.3166014 | X6: 0.9463945 | Y6: 0.80780773 | Z6: 0.83513347 | AA6: 1.2931713 | AB6: 1.5653435 | AC6: 1.0367471 | AD6: 1.0558359 | AE6: 0.30417004 | AF6: 0.41853426 | AG6: 0.46567213 | AH6: 0.2755878 | AI6: 0.5642554 | AJ6: 0.93756226 | AK6: 0.9635142 | AL6: 0.63390209 | AM6: 0.65698822 | AN6: 0.57416653 | AO6: 0.76651457 | AP6: 1.1311703 | AQ6: 0.26299282 | AR6: 0.71951558 | AS6: 1.0953025 | AT6: 1.0755309 | AU6: 1.2093849 | AV6: 1.2117844
A7: AAG | B7: =IF(OR(RIGHT(A7,1)="A",RIGHT(A7,1)="T"),"A/T","G/C") -> G/C | C7: 0.4655067 | D7: 0.44727505 | E7: 0 | F7: 0.90437554 | G7: 0.8996991 | H7: 0.48125091 | I7: 0.44080537 | J7: 0.4703352 | K7: 0.76493793 | L7: 0.61556252 | M7: 1.1396586 | N7: 0.58167015 | O7: 0.82103611 | P7: 0.88097848 | Q7: 0.8841127 | R7: 1.5427245 | S7: 0.79115708 | T7: 0.95561514 | U7: 0.87852324 | V7: 0.44785105 | W7: 1.4907158 | X7: 1.1100996 | Y7: 0.71819363 | Z7: 1.0545558 | AA7: 1.482287 | AB7: 1.6737832 | AC7: 0.93146217 | AD7: 0.92944883 | AE7: 0.37947216 | AF7: 0.47215268 | AG7: 0.74733231 | AH7: 0.32162383 | AI7: 0.4029816 | AJ7: 0.5097386 | AK7: 1.0701774 | AL7: 0.63570392 | AM7: 0.72548854 | AN7: 0.2014892 | AO7: 1.1556609 | AP7: 1.2450731 | AQ7: 0.31568819 | AR7: 1.1191531 | AS7: 1.1757967 | AT7: 1.1523878 | AU7: 1.2708631 | AV7: 1.2711007
A8: AAT | B8: =IF(OR(RIGHT(A8,1)="A",RIGHT(A8,1)="T"),"A/T","G/C") -> A/T | C8: 0.89434271 | D8: 1.5580848 | E8: 0.6723355 | F8: 0 | G8: 1.5503435 | H8: 1.6688694 | I8: 1.5817993 | J8: 0.90524175 | K8: 1.5061214 | L8: 1.6517006 | M8: 1.2522255 | N8: 1.7384967 | O8: 1.7628881 | P8: 1.1627389 | Q8: 0.94513874 | R8: 0.36314621 | S8: 1.3316834 | T8: 1.047843 | U8: 1.0607582 | V8: 1.5581269 | W8: 0.68339855 | X8: 1.0536055 | Y8: 1.1921923 | Z8: 1.1648665 | AA8: 0.70682875 | AB8: 0.43465653 | AC8: 0.9632529 | AD8: 0.9441641 | AE8: 1.69583 | AF8: 1.5814657 | AG8: 1.5343279 | AH8: 1.7244122 | AI8: 1.4357446 | AJ8: 1.0624377 | AK8: 1.0364858 | AL8: 1.3660979 | AM8: 1.3430118 | AN8: 1.4258335 | AO8: 1.2334854 | AP8: 0.86882972 | AQ8: 1.7370072 | AR8: 1.2804844 | AS8: 0.90469753 | AT8: 0.92446909 | AU8: 0.79061514 | AV8: 0.78821564
A9: ACA | B9: =IF(OR(RIGHT(A9,1)="A",RIGHT(A9,1)="T"),"A/T","G/C") -> A/T | C9: 0.51469138 | D9: 1.2775862 | E9: 0 | F9: 0 | G9: 2.2324906 | H9: 1.7933592 | I9: 1.7010858 | J9: 0.52534263 | K9: 1.0469924 | L9: 1.6724142 | M9: 1.0441376 | N9: 1.8077399 | O9: 1.7989976 | P9: 0.87104425 | Q9: 0.79379342 | R9: 0.21643251 | S9: 1.695286 | T9: 0.82251533 | U9: 1.9253987 | V9: 1.2742812 | W9: 0.31146774 | X9: 0.36462414 | Y9: 1.0646685 | Z9: 0.7603421 | AA9: 0.31869402 | AB9: 0.2060243 | AC9: 0.51982011 | AD9: 0.50972855 | AE9: 1.7680812 | AF9: 1.441668 | AG9: 1.7432823 | AH9: 1.2536876 | AI9: 1.7040754 | AJ9: 1.8633721 | AK9: 0.77867461 | AL9: 1.8813726 | AM9: 1.8431514 | AN9: 0.78504673 | AO9: 0.97127704 | AP9: 0.59505286 | AQ9: 1.972937 | AR9: 1.0422389 | AS9: 1.075281 | AT9: 1.097374 | AU9: 0.95089291 | AV9: 0.94136558
A10: ACC | B10: =IF(OR(RIGHT(A10,1)="A",RIGHT(A10,1)="T"),"A/T","G/C") -> G/C | C10: 1.7506286 | D10: 0.76143335 | E10: 0 | F10: 0 | G10: 0.35337741 | H10: 0.12223404 | I10: 0.45786628 | J10: 1.7348147 | K10: 0.45526833 | L10: 0.25379995 | M10: 1.1443052 | N10: 0.14512864 | O10: 0.41382856 | P10: 1.6153628 | Q10: 0.92791865 | R10: 2.8040785 | S10: 0.89875482 | T10: 1.3480238 | U10: 0.80722073 | V10: 0.76117119 | W10: 1.6818394 | X10: 1.1420238 | Y10: 1.1646848 | Z10: 0.7357618 | AA10: 1.6638255 | AB10: 2.0034393 | AC10: 1.3025976 | AD10: 1.3097075 | AE10: 0.12168678 | AF10: 0.72801925 | AG10: 0.29052382 | AH10: 0.72013285 | AI10: 0.53819373 | AJ10: 1.1400634 | AK10: 1.4469099 | AL10: 0.71101927 | AM10: 0.80768374 | AN10: 1.4485119 | AO10: 0.89344707 | AP10: 1.9434114 | AQ10: 0.16483179 | AR10: 1.5702854 | AS10: 1.4166976 | AT10: 1.3920074 | AU10: 1.578409 | AV10: 1.5754043
A11: ACG | B11: =IF(OR(RIGHT(A11,1)="A",RIGHT(A11,1)="T"),"A/T","G/C") -> G/C | C11: 1.0725052 | D11: 0.78112741 | E11: 0 | F11: 0 | G11: 0.46363283 | H11: 0.16386877 | I11: 0.91863379 | J11: 1.0806369 | K11: 0.31045558 | L11: 0.060896423 | M11: 1.2672999 | N11: 0.11871302 | O11: 0.21616759 | P11: 1.096354 | Q11: 1.9430625 | R11: 0.83626771 | S11: 0.73897278 | T11: 1.2650393 | U11: 0.34964899 | V11: 0.78259035 | W11: 0.79565327 | X11: 1.6469848 | Y11: 0.70528006 | Z11: 0.50490972 | AA11: 0.78243282 | AB11: 1.5072946 | AC11: 1.7919442 | AD11: 1.7868934 | AE11: 0.041343669 | AF11: 0.71942261 | AG11: 0.45502387 | AH11: 0.28348149 | AI11: 0.64233054 | AJ11: 0.43375617 | AK11: 0.78165302 | AL11: 0.62132042 | AM11: 0.46648107 | AN11: 0.77239396 | AO11: 0.63043548 | AP11: 1.004361 | AQ11: 0.14669893 | AR11: 0.65559935 | AS11: 0.55933646 | AT11: 0.53974269 | AU11: 0.64597244 | AV11: 0.66047694
A12: ACT | B12: =IF(OR(RIGHT(A12,1)="A",RIGHT(A12,1)="T"),"A/T","G/C") -> A/T | C12: 0.66217474 | D12: 1.1798531 | E12: 0 | F12: 0 | G12: 0.95049916 | H12: 1.920538 | I12: 0.92241417 | J12: 0.6592058 | K12: 2.1872837 | L12: 2.0128894 | M12: 0.54425732 | N12: 1.9284184 | O12: 1.5710063 | P12: 0.41723894 | Q12: 0.3352254 | R12: 0.14322129 | S12: 0.66698643 | T12: 0.56442162 | U12: 0.91773155 | V12: 1.1819573 | W12: 1.2110395 | X12: 0.8463672 | Y12: 1.0653666 | Z12: 1.9989864 | AA12: 1.2350477 | AB12: 0.2832418 | AC12: 0.3856381 | AD12: 0.39367052 | AE12: 2.0688884 | AF12: 1.1108901 | AG12: 1.51117 | AH12: 1.7426981 | AI12: 1.1154004 | AJ12: 0.56280832 | AK12: 0.99276247 | AL12: 0.78628773 | AM12: 0.88268374 | AN12: 0.99404745 | AO12: 1.5048404 | AP12: 0.45717475 | AQ12: 1.7155322 | AR12: 0.73187627 | AS12: 0.94868493 | AT12: 0.97087592 | AU12: 0.82472566 | AV12: 0.82275323
A13: AGA | B13: =IF(OR(RIGHT(A13,1)="A",RIGHT(A13,1)="T"),"A/T","G/C") -> A/T | C13: 0.21333008 | D13: 1.1085595 | E13: 0 | F13: 0.46743804 | G13: 2.1507092 | H13: 4.9494198 | I13: 1.0592135 | J13: 0.22055788 | K13: 1.9959153 | L13: 5.1465397 | M13: 1.4813218 | N13: 4.9301618 | O13: 3.4057454 | P13: 1.0439228 | Q13: 0.56284348 | R13: 0.13977768 | S13: 1.9790772 | T13: 0.76583682 | U13: 2.8377993 | V13: 1.1081948 | W13: 0.97058824 | X13: 0.42386003 | Y13: 0.82834924 | Z13: 1.7803473 | AA13: 1.0101963 | AB13: 0.090549592 | AC13: 0.24602622 | AD13: 0.24292563 | AE13: 5.3436626 | AF13: 3.0704132 | AG13: 4.4608331 | AH13: 3.1309334 | AI13: 0.69197442 | AJ13: 1.625922 | AK13: 0.79962936 | AL13: 2.038995 | AM13: 2.1077663 | AN13: 0.41943872 | AO13: 0.43845743 | AP13: 1.1297387 | AQ13: 5.0807683 | AR13: 1.3217935 | AS13: 1.214156 | AT13: 1.2785368 | AU13: 1.0274827 | AV13: 1.0239431
A14: AGC | B14: =IF(OR(RIGHT(A14,1)="A",RIGHT(A14,1)="T"),"A/T","G/C") -> G/C | C14: 1.6704955 | D14: 0.70664202 | E14: 0 | F14: 0 | G14: 0.76668833 | H14: 0.46283478 | I14: 0.41793973 | J14: 1.658763 | K14: 0.64170564 | L14: 0.51752079 | M14: 1.5822501 | N14: 0.49070632 | O14: 0.86965398 | P14: 1.6090639 | Q14: 1.7633126 | R14: 2.018353 | S14: 1.034682 | T14: 1.242341 | U14: 1.2037545 | V14: 0.70701701 | W14: 2.0319047 | X14: 1.4182496 | Y14: 0.92798815 | Z14: 0.90089474 | AA14: 2.0016269 | AB14: 1.6064423 | AC14: 1.6467848 | AD14: 1.6248377 | AE14: 0.32473735 | AF14: 0.66604423 | AG14: 0.67258258 | AH14: 1.3385707 | AI14: 0.84659977 | AJ14: 1.4932739 | AK14: 2.2699561 | AL14: 0.95723847 | AM14: 1.0350585 | AN14: 1.1051922 | AO14: 0.7876251 | AP14: 1.4975636 | AQ14: 0.39546064 | AR14: 1.0489909 | AS14: 1.4353908 | AT14: 1.4128015 | AU14: 1.604821 | AV14: 1.6032355
A15: AGG | B15: =IF(OR(RIGHT(A15,1)="A",RIGHT(A15,1)="T"),"A/T","G/C") -> G/C | C15: 0.11825465 | D15: 0.20936475 | E15: 0 | F15: 0.20944414 | G15: 0.32291667 | H15: 0.59569674 | I15: 0.22083348 | J15: 0.12766633 | K15: 0.27407223 | L15: 0.58369413 | M15: 1.3433801 | N15: 0.63620878 | O15: 0.76179493 | P15: 1.2335059 | Q15: 0.9292184 | R15: 0.47153372 | S15: 0.5749934 | T15: 0.83352296 | U15: 0.48707785 | V15: 0.21027515 | W15: 0.32506394 | X15: 0.15049934 | Y15: 0.42399547 | Z15: 0.20327544 | AA15: 0.32781035 | AB15: 0.25905899 | AC15: 0.20042869 | AD15: 0.19574369 | AE15: 0.39143533 | AF15: 0.48132231 | AG15: 0.92821588 | AH15: 0.58489965 | AI15: 0.19781308 | AJ15: 0.27879344 | AK15: 0.3270601 | AL15: 0.50693536 | AM15: 0.70199645 | AN15: 0.060180338 | AO15: 0.24020306 | AP15: 0.18943858 | AQ15: 0.50975306 | AR15: 0.59285972 | AS15: 1.1964193 | AT15: 1.2143534 | AU15: 1.208372 | AV15: 1.2079256
A16: AGT | B16: =IF(OR(RIGHT(A16,1)="A",RIGHT(A16,1)="T"),"A/T","G/C") -> A/T | C16: 0.9021513 | D16: 1.7672887 | E16: 0 | F16: 0 | G16: 1.4540227 | H16: 1.8204617 | I16: 1.5965562 | J16: 0.91770624 | K16: 1.7109246 | L16: 1.7464985 | M16: 0.69048899 | N16: 1.8811042 | O16: 1.6731653 | P16: 0.68506088 | Q16: 0.57562415 | R16: 0.19554541 | S16: 1.197236 | T16: 0.49089058 | U16: 0.66554503 | V16: 1.7665553 | W16: 0.60804501 | X16: 1.0685248 | Y16: 1.148847 | Z16: 1.3710078 | AA16: 0.63358641 | AB16: 0.28282774 | AC16: 0.6601586 | AD16: 0.64817833 | AE16: 1.8883886 | AF16: 1.3861916 | AG16: 1.2327629 | AH16: 1.9333293 | AI16: 1.2730417 | AJ16: 0.80998363 | AK16: 0.80542419 | AL16: 1.254657 | AM16: 1.1535039 | AN16: 1.2478642 | AO16: 1.6077296 | AP16: 0.52382242 | AQ16: 1.5992844 | AR16: 0.77763966 | AS16: 0.92346384 | AT16: 0.93824381 | AU16: 0.80201005 | AV16: 0.80786687
... A66: TTT | B66: =IF(OR(RIGHT(A66,1)="A",RIGHT(A66,1)="T"),"A/T","G/C") -> A/T | C66: 1.1465698 | D66: 1.5330098 | E66: 0 | F66: 0 | G66: 1.2779976 | H66: 1.6435451 | I66: 1.4933101 | J66: 1.1526965 | K66: 1.5625382 | L66: 1.6115098 | M66: 1.0975777 | N66: 1.6992623 | O66: 1.6612346 | P66: 1.2258786 | Q66: 1.2441648 | R66: 0.5766491 | S66: 1.3049365 | T66: 0.90606045 | U66: 1.2750498 | V66: 1.5327527 | W66: 0.99786875 | X66: 1.3999162 | Y66: 1.0645507 | Z66: 1.2577514 | AA66: 1.0111504 | AB66: 1.0089725 | AC66: 0.71760326 | AD66: 0.70626695 | AE66: 1.6897588 | AF66: 1.551225 | AG66: 1.5479168 | AH66: 1.8342667 | AI66: 1.4416388 | AJ66: 1.135451 | AK66: 1.1244314 | AL66: 1.3806403 | AM66: 1.3609676 | AN66: 1.520108 | AO66: 1.3528005 | AP66: 0.7323119 | AQ66: 1.7178392 | AR66: 1.1331817 | AS66: 0.93328604 | AT66: 0.95309771 | AU66: 0.82910161 | AV66: 0.82559922
A67: allAA_AT3 | C67: =AVERAGEIF($B5:$B66,"A/T",C5:C66) -> 0.9089904 | D67: =AVERAGEIF($B5:$B66,"A/T",D5:D66) -> 1.4144161 | E67: =AVERAGEIF($B5:$B66,"A/T",E5:E66) -> 0.19386722 | F67: =AVERAGEIF($B5:$B66,"A/T",F5:F66) -> 0.7168454 | G67: =AVERAGEIF($B5:$B66,"A/T",G5:G66) -> 1.4279897 | H67: =AVERAGEIF($B5:$B66,"A/T",H5:H66) -> 1.7084742 | I67: =AVERAGEIF($B5:$B66,"A/T",I5:I66) -> 1.5096558 | J67: =AVERAGEIF($B5:$B66,"A/T",J5:J66) -> 0.91146862 | ... AV67: =AVERAGEIF($B5:$B66,"A/T",AV5:AV66) -> 0.68045617
A68: allAA_GC3 | C68: =AVERAGEIF($B5:$B66,"G/C",C5:C66) -> 1.0970769 | D68: =AVERAGEIF($B5:$B66,"G/C",D5:D66) -> 0.55795612 | E68: =AVERAGEIF($B5:$B66,"G/C",E5:E66) -> 0.52654164 | F68: =AVERAGEIF($B5:$B66,"G/C",F5:F66) -> 0.33536491 | G68: =AVERAGEIF($B5:$B66,"G/C",G5:G66) -> 0.54347763 | H68: =AVERAGEIF($B5:$B66,"G/C",H5:H66) -> 0.24429415 | I68: =AVERAGEIF($B5:$B66,"G/C",I5:I66) -> 0.45636711 | J68: =AVERAGEIF($B5:$B66,"G/C",J5:J66) -> 1.0944335 | ... AV68: =AVERAGEIF($B5:$B66,"G/C",AV5:AV66) -> 1.2408467

Sheet 精氨酸
A1: name | B1: ASV8:s__unclassified_g__Coprococcus | C1: ASV1555:s__unclassified_g__Enterococcus | D1: ASV1831:s__Eubacterium_coprostanoligenes | E1: ASV54:s__unclassified_g__Clostridium_sensu_stricto_1 | F1: ASV21:s__Clostridium_scindens | G1: ASV30:s__unclassified_g__Clostridium_sensu_stricto_1 | H1: ASV73:s__unclassified_g__Turicibacter | I1: ASV9:s__unclassified_g__Romboutsia | J1: ASV17:s__uncultured_bacterium_g__Sharpea | K1: ASV5:s__unclassified_g__UCG-002 | L1: ASV4:s__uncultured_spirochete_g__Christensenellaceae_R-7_group | M1: ASV28:s__uncultured_prokaryote_g__Christensenellaceae_R-7_group | N1: ASV3787:s__uncultured_organism_g__UCG-002 | O1: ASV1834:s__unclassified_f__Lachnospiraceae | P1: ASV22:s__unclassified_g__Lactobacillus | Q1: ASV3402:s__unclassified_g__Megasphaera | R1: ASV1540:s__unclassified_g__Megasphaera | S1: ASV77:s__unclassified_g__Lactobacillus | T1: ASV1853:s__unclassified_g__Lactobacillus | U1: ASV1089:s__Fusobacterium_gastrosuis | V1: ASV38:s__unclassified_g__Blautia | W1: ASV48:s__unclassified_g__Blautia | X1: ASV1515:s__unclassified_g__Streptococcus | Y1: ASV2996:s__unclassified_g__Fusobacterium | Z1: ASV2874:s__unclassified_g__Fusobacterium | AA1: ASV167:s__unclassified_g__Collinsella | AB1: ASV2:s__unclassified_g__Lactobacillus | AC1: H6_PBMC | AD1: H7_PBMC | AE1: W10_PBMC | AF1: W6_PBMC
A2: AGA | B2: 1.9790772 | C2: 1.1081948 | D2: 2.8377993 | E2: 4.9301618 | F2: 1.4813218 | G2: 5.1465397 | H2: 1.0592135 | I2: 4.9494198 | J2: 2.1507092 | K2: 1.625922 | L2: 0.76583682 | M2: 0.56284348 | N2: 0.13977768 | O2: 1.0439228 | P2: 0.42386003 | Q2: 0.24292563 | R2: 0.24602622 | S2: 1.0101963 | T2: 0.97058824 | U2: 5.0807683 | V2: 2.1077663 | W2: 2.038995 | X2: 0.69197442 | Y2: 3.0704132 | Z2: 5.3436626 | AA2: 0.090549592 | AB2: 1.7803473 | AC2: 1.214156 | AD2: 1.2785368 | AE2: 1.0274827 | AF2: 1.0239431
A3: CGT | B3: 1.4220793 | C3: 2.5024979 | D3: 1.4710639 | E3: 0.27448595 | F3: 0.75584107 | G3: 0.20921868 | H3: 2.8302317 | I3: 0.28928692 | J3: 2.4277482 | K3: 1.6037081 | L3: 0.63150587 | M3: 1.0521067 | N3: 0.26363227 | O3: 0.92630396 | P3: 1.4975614 | Q3: 0.95854771 | R3: 0.95738106 | S3: 0.61305124 | T3: 0.59820972 | U3: 0.22509354 | V3: 1.3694993 | W3: 1.6834598 | X3: 3.3380648 | Y3: 0.69289256 | Z3: 0.21928126 | AA3: 1.3195061 | AB3: 2.3772159 | AC3: 0.51341834 | AD3: 0.51324374 | AE3: 0.47045757 | AF3: 0.46659962
A4: CGA | B4: 0.42642225 | C4: 0.75810902 | D4: 0.54986523 | E4: 0.11680253 | F4: 0.333568 | G4: 0.037367615 | H4: 1.0944308 | I4: 0.12526755 | J4: 0.36059397 | K4: 0.39812875 | L4: 0.54137339 | M4: 0.28073478 | N4: 0.097566471 | O4: 0.20478287 | P4: 0.69280793 | Q4: 0.23205098 | R4: 0.24485705 | S4: 0.21055315 | T4: 0.19974425 | U4: 0.13619356 | V4: 0.42719766 | W4: 0.5902905 | X4: 0.60854137 | Y4: 1.3013774 | Z4: 0.032709275 | AA4: 0.26825922 | AB4: 0.48861693 | AC4: 0.73988064 | AD4: 0.74700273 | AE4: 0.67515448 | AF4: 0.67645921
A5: CGC | B5: 0.67677616 | C5: 1.0952203 | D5: 0.58601554 | E5: 0.029930648 | F5: 0.96031152 | G5: 0.017984414 | H5: 0.63909125 | I5: 0.034020502 | J5: 0.61879433 | K5: 1.042505 | L5: 2.0777908 | M5: 1.967586 | N5: 2.5764609 | O5: 0.89562798 | P5: 1.8561586 | Q5: 2.8605589 | R5: 2.835565 | S5: 1.5936783 | T5: 1.5861893 | U5: 0.023946121 | V5: 0.72520121 | W5: 0.64066998 | X5: 1.0148133 | Y5: 0.14369146 | Z5: 0.007531741 | AA5: 3.7638609 | AB5: 0.91757401 | AC5: 1.0439061 | AD5: 0.99537166 | AE5: 1.1858972 | AF5: 1.177639
A6: CGG | B6: 0.92065168 | C6: 0.32570278 | D6: 0.068178215 | E6: 0.012410269 | F6: 1.1255775 | G6: 0.005195497 | H6: 0.15619929 | I6: 0.006308438 | J6: 0.11923759 | K6: 1.0509428 | L6: 1.1499701 | M6: 1.2075107 | N6: 2.451029 | O6: 1.6958564 | P6: 1.3791128 | Q6: 1.5101731 | R6: 1.515742 | S6: 2.2447107 | T6: 2.3202046 | U6: 0.024245448 | V6: 0.66833908 | W6: 0.53964931 | X6: 0.14879307 | Y6: 0.31030303 | Z6: 0.005379815 | AA6: 0.29876523 | AB6: 0.23297039 | AC6: 1.2922196 | AD6: 1.2514917 | AE6: 1.432636 | AF6: 1.4474336
A7: AGG | B7: 0.5749934 | C7: 0.21027515 | D7: 0.48707785 | E7: 0.63620878 | F7: 1.3433801 | G7: 0.58369413 | H7: 0.22083348 | I7: 0.59569674 | J7: 0.32291667 | K7: 0.27879344 | L7: 0.83352296 | M7: 0.9292184 | N7: 0.47153372 | O7: 1.2335059 | P7: 0.15049934 | Q7: 0.19574369 | R7: 0.20042869 | S7: 0.32781035 | T7: 0.32506394 | U7: 0.50975306 | V7: 0.70199645 | W7: 0.50693536 | X7: 0.19781308 | Y7: 0.48132231 | Z7: 0.39143533 | AA7: 0.25905899 | AB7: 0.20327544 | AC7: 1.1964193 | AD7: 1.2143534 | AE7: 1.208372 | AF7: 1.2079256
A8: AT3 | B8: 1.2758596 | C8: 1.4562672 | D8: 1.6195761 | E8: 1.7738168 | F8: 0.85691028 | G8: 1.7977087 | H8: 1.661292 | I8: 1.7879914 | J8: 1.6463505 | K8: 1.2092529 | L8: 0.64623869 | M8: 0.63189497 | N8: 0.16699214 | O8: 0.72500322 | P8: 0.87140977 | Q8: 0.47784144 | R8: 0.48275478 | S8: 0.61126689 | T8: 0.58951407 | U8: 1.8140185 | V8: 1.3014878 | W8: 1.4375818 | X8: 1.5461935 | Y8: 1.6882277 | Z8: 1.8652177 | AA8: 0.5594383 | AB8: 1.5487267 | AC8: 0.82248499 | AD8: 0.84626108 | AE8: 0.72436493 | AF8: 0.72233397
A9: GC3 | B9: 0.72414041 | C9: 0.54373276 | D9: 0.38042387 | E9: 0.22618323 | F9: 1.1430897 | G9: 0.20229135 | H9: 0.33870801 | I9: 0.21200856 | J9: 0.35364953 | K9: 0.79074707 | L9: 1.3537613 | M9: 1.368105 | N9: 1.8330079 | O9: 1.2749968 | P9: 1.1285902 | Q9: 1.5221586 | R9: 1.5172452 | S9: 1.3887331 | T9: 1.4104859 | U9: 0.18598154 | V9: 0.69851225 | W9: 0.56241821 | X9: 0.45380648 | Y9: 0.31177227 | Z9: 0.1347823 | AA9: 1.4405617 | AB9: 0.45127328 | AC9: 1.177515 | AD9: 1.1537389 | AE9: 1.2756351 | AF9: 1.277666
A10: allAA_AT3 | B10: 1.1500348 | C10: 1.4138069 | D10: 1.2509115 | E10: 1.7197577 | F10: 0.92000512 | G10: 1.6989296 | H10: 1.5096558 | I10: 1.7084742 | J10: 1.4279897 | K10: 1.0424684 | L10: 1.6900434 | M10: 1.2039935 | N10: 1.2308953 | O10: 1.4180846 | P10: 1.3802257 | Q10: 1.7174321 | R10: 0.47886589 | S10: 1.35846 | T10: 0.76655069 | U10: 0.79976534 | V10: 0.29372803 | W10: 0.87471586 | X10: 0.97840061 | Y10: 0.65751558 | Z10: 0.66405032 | AA10: 0.75518654 | AB10: 0.73486264 | AC10: 0.78361957 | AD10: 0.80302758 | AE10: 0.68292307 | AF10: 0.68045617
A11: allAA_GC3 | B11: 0.83996285 | C11: 0.55860602 | D11: 0.73236104 | E11: 0.2322585 | F11: 1.0853279 | G11: 0.25447514 | H11: 0.45636711 | I11: 0.24429415 | J11: 0.54347763 | K11: 0.9547004 | L11: 0.26395375 | M11: 0.78240694 | N11: 0.75371173 | O11: 0.55404309 | P11: 0.59442591 | Q11: 0.23473906 | R11: 1.5558764 | S11: 0.61764266 | T11: 1.2490126 | U11: 1.2135836 | V11: 1.7533568 | W11: 1.1336364 | X11: 1.0230393 | Y11: 1.3653167 | Z11: 1.3583463 | AA11: 1.2611344 | AB11: 1.2828132 | AC11: 1.1308058 | AD11: 1.1101039 | AE11: 1.2382154 | AF11: 1.2408467

Sheet Arg
A1: Arg | C1: ASV8 | D1: ASV1555 | E1: ASV1831 | F1: ASV54 | G1: ASV21 | H1: ASV30 | I1: ASV73 | J1: ASV9 | K1: ASV17 | L1: ASV5 | M1: ASV4 | N1: ASV28 | O1: ASV3787 | P1: ASV1834 | Q1: ASV22 | R1: ASV3402 | S1: ASV1540 | T1: ASV77 | U1: ASV1853 | V1: ASV1089 | W1: ASV38 | X1: ASV48 | Y1: ASV1515 | Z1: ASV2996 | AA1: ASV2874 | AB1: ASV167 | AC1: ASV2 | AD1: H6_PBMC | AE1: H7_PBMC | AF1: W10_PBMC | AG1: W6_PBMC
A2: name | C2: H_CE_GCA_025149785.1 | D2: H_CE_GCA_900474605.1 | E2: H_CE_GCA_900167205.1 | F2: H_CE_GCA_021412605.1 | G2: H_CE_GCA_020892115.1 | H2: H_CE_GCA_020138775.1 | I2: H_CE_GCA_013046825.1 | J2: H_CE_GCA_012317385.1 | K2: H_CE_GCA_009695655.1 | L2: H_CE_GCA_014982935.1 | M2: H_CE_GCA_900163975.1 | N2: H_CE_GCA_022846015.1 | O2: H_CE_GCA_022846095.1 | P2: H_CE_GCA_022845955.1 | Q2: W_CE_GCA_014898655.1 | R2: W_CE_GCA_003010495.1 | S2: W_CE_GCA_003006415.1 | T2: W_CE_GCA_001908415.1 | U2: W_CE_GCA_000056065.1 | V2: W_CE_GCA_034174805.1 | W2: W_CE_GCA_025148125.1 | X2: W_CE_GCA_025147765.1 | Y2: W_CE_GCA_013267695.1 | Z2: W_CE_GCA_003732525.1 | AA2: W_CE_GCA_003019315.1 | AB2: W_CE_GCA_002736145.1 | AC2: W_CE_GCA_000194115.1 | AD2: H6_PBMC | AE2: H7_PBMC | AF2: W10_PBMC | AG2: W6_PBMC
A3: AAA | B3: =IF(OR(RIGHT(A3,1)="A",RIGHT(A3,1)="T"),"A/T","G/C") -> A/T | C3: 1.2088429 | D3: 1.552149 | E3: 1.1214768 | F3: 1.4183298 | G3: 0.86034145 | H3: 1.3844375 | I3: 1.5591946 | J3: 1.5187491 | K3: 1.1003009 | L3: 1.4902614 | M3: 1.6843118 | N3: 1.2745115 | O3: 1.3642961 | P3: 1.5970184 | Q3: 1.5278473 | R3: 1.6205278 | S3: 0.32621684 | T3: 0.94544423 | U3: 1.0443849 | V3: 1.1158873 | W3: 0.45727555 | X3: 1.1190215 | Y3: 0.8899004 | Z3: 1.0705512 | AA3: 1.0685378 | AB3: 0.51771298 | AC3: 0.50928423 | AD3: 0.82420333 | AE3: 0.84761225 | AF3: 0.72913694 | AG3: 0.72889925
A4: AAC | B4: =IF(OR(RIGHT(A4,1)="A",RIGHT(A4,1)="T"),"A/T","G/C") -> G/C | C4: 0.66831659 | D4: 0.44187311 | E4: 0.93924179 | F4: 0.2615033 | G4: 0.74777448 | H4: 0.34829941 | I4: 0.41820066 | J4: 0.33113056 | K4: 0.44965649 | L4: 0.93756226 | M4: 0.26299282 | N4: 0.65698822 | O4: 0.63390209 | P4: 0.5642554 | Q4: 0.41853426 | R4: 0.30417004 | S4: 1.5653435 | T4: 0.83513347 | U4: 0.95215697 | V4: 1.0548613 | W4: 1.6368538 | X4: 0.83726107 | Y4: 0.9463945 | Z4: 1.0558359 | AA4: 1.0367471 | AB4: 1.2931713 | AC4: 1.3166014 | AD4: 1.0953025 | AE4: 1.0755309 | AF4: 1.2093849 | AG4: 1.2117844
A5: AAG | B5: =IF(OR(RIGHT(A5,1)="A",RIGHT(A5,1)="T"),"A/T","G/C") -> G/C | C5: 0.79115708 | D5: 0.44785105 | E5: 0.87852324 | F5: 0.58167015 | G5: 1.1396586 | H5: 0.61556252 | I5: 0.44080537 | J5: 0.48125091 | K5: 0.8996991 | L5: 0.5097386 | M5: 0.31568819 | N5: 0.72548854 | O5: 0.63570392 | P5: 0.4029816 | Q5: 0.47215268 | R5: 0.37947216 | S5: 1.6737832 | T5: 1.0545558 | U5: 0.95561514 | V5: 0.8841127 | W5: 1.5427245 | X5: 0.88097848 | Y5: 1.1100996 | Z5: 0.92944883 | AA5: 0.93146217 | AB5: 1.482287 | AC5: 1.4907158 | AD5: 1.1757967 | AE5: 1.1523878 | AF5: 1.2708631 | AG5: 1.2711007
A6: AAT | B6: =IF(OR(RIGHT(A6,1)="A",RIGHT(A6,1)="T"),"A/T","G/C") -> A/T | C6: 1.3316834 | D6: 1.5581269 | E6: 1.0607582 | F6: 1.7384967 | G6: 1.2522255 | H6: 1.6517006 | I6: 1.5817993 | J6: 1.6688694 | K6: 1.5503435 | L6: 1.0624377 | M6: 1.7370072 | N6: 1.3430118 | O6: 1.3660979 | P6: 1.4357446 | Q6: 1.5814657 | R6: 1.69583 | S6: 0.43465653 | T6: 1.1648665 | U6: 1.047843 | V6: 0.94513874 | W6: 0.36314621 | X6: 1.1627389 | Y6: 1.0536055 | Z6: 0.9441641 | AA6: 0.9632529 | AB6: 0.70682875 | AC6: 0.68339855 | AD6: 0.90469753 | AE6: 0.92446909 | AF6: 0.79061514 | AG6: 0.78821564
A7: ACA | B7: =IF(OR(RIGHT(A7,1)="A",RIGHT(A7,1)="T"),"A/T","G/C") -> A/T | C7: 1.695286 | D7: 1.2742812 | E7: 1.9253987 | F7: 1.8077399 | G7: 1.0441376 | H7: 1.6724142 | I7: 1.7010858 | J7: 1.7933592 | K7: 2.2324906 | L7: 1.8633721 | M7: 1.972937 | N7: 1.8431514 | O7: 1.8813726 | P7: 1.7040754 | Q7: 1.441668 | R7: 1.7680812 | S7: 0.2060243 | T7: 0.7603421 | U7: 0.82251533 | V7: 0.79379342 | W7: 0.21643251 | X7: 0.87104425 | Y7: 0.36462414 | Z7: 0.50972855 | AA7: 0.51982011 | AB7: 0.31869402 | AC7: 0.31146774 | AD7: 1.075281 | AE7: 1.097374 | AF7: 0.95089291 | AG7: 0.94136558
A8: ACC | B8: =IF(OR(RIGHT(A8,1)="A",RIGHT(A8,1)="T"),"A/T","G/C") -> G/C | C8: 0.89875482 | D8: 0.76117119 | E8: 0.80722073 | F8: 0.14512864 | G8: 1.1443052 | H8: 0.25379995 | I8: 0.45786628 | J8: 0.12223404 | K8: 0.35337741 | L8: 1.1400634 | M8: 0.16483179 | N8: 0.80768374 | O8: 0.71101927 | P8: 0.53819373 | Q8: 0.72801925 | R8: 0.12168678 | S8: 2.0034393 | T8: 0.7357618 | U8: 1.3480238 | V8: 0.92791865 | W8: 2.8040785 | X8: 1.6153628 | Y8: 1.1420238 | Z8: 1.3097075 | AA8: 1.3025976 | AB8: 1.6638255 | AC8: 1.6818394 | AD8: 1.4166976 | AE8: 1.3920074 | AF8: 1.578409 | AG8: 1.5754043
A9: ACG | B9: =IF(OR(RIGHT(A9,1)="A",RIGHT(A9,1)="T"),"A/T","G/C") -> G/C | C9: 0.73897278 | D9: 0.78259035 | E9: 0.34964899 | F9: 0.11871302 | G9: 1.2672999 | H9: 0.060896423 | I9: 0.91863379 | J9: 0.16386877 | K9: 0.46363283 | L9: 0.43375617 | M9: 0.14669893 | N9: 0.46648107 | O9: 0.62132042 | P9: 0.64233054 | Q9: 0.71942261 | R9: 0.041343669 | S9: 1.5072946 | T9: 0.50490972 | U9: 1.2650393 | V9: 1.9430625 | W9: 0.83626771 | X9: 1.096354 | Y9: 1.6469848 | Z9: 1.7868934 | AA9: 1.7919442 | AB9: 0.78243282 | AC9: 0.79565327 | AD9: 0.55933646 | AE9: 0.53974269 | AF9: 0.64597244 | AG9: 0.66047694
A10: ACT | B10: =IF(OR(RIGHT(A10,1)="A",RIGHT(A10,1)="T"),"A/T","G/C") -> A/T | C10: 0.66698643 | D10: 1.1819573 | E10: 0.91773155 | F10: 1.9284184 | G10: 0.54425732 | H10: 2.0128894 | I10: 0.92241417 | J10: 1.920538 | K10: 0.95049916 | L10: 0.56280832 | M10: 1.7155322 | N10: 0.88268374 | O10: 0.78628773 | P10: 1.1154004 | Q10: 1.1108901 | R10: 2.0688884 | S10: 0.2832418 | T10: 1.9989864 | U10: 0.56442162 | V10: 0.3352254 | W10: 0.14322129 | X10: 0.41723894 | Y10: 0.8463672 | Z10: 0.39367052 | AA10: 0.3856381 | AB10: 1.2350477 | AC10: 1.2110395 | AD10: 0.94868493 | AE10: 0.97087592 | AF10: 0.82472566 | AG10: 0.82275323
A11: AGA | B11: =IF(OR(RIGHT(A11,1)="A",RIGHT(A11,1)="T"),"A/T","G/C") -> A/T | C11: 1.9790772 | D11: 1.1081948 | E11: 2.8377993 | F11: 4.9301618 | G11: 1.4813218 | H11: 5.1465397 | I11: 1.0592135 | J11: 4.9494198 | K11: 2.1507092 | L11: 1.625922 | M11: 5.0807683 | N11: 2.1077663 | O11: 2.038995 | P11: 0.69197442 | Q11: 3.0704132 | R11: 5.3436626 | S11: 0.090549592 | T11: 1.7803473 | U11: 0.76583682 | V11: 0.56284348 | W11: 0.13977768 | X11: 1.0439228 | Y11: 0.42386003 | Z11: 0.24292563 | AA11: 0.24602622 | AB11: 1.0101963 | AC11: 0.97058824 | AD11: 1.214156 | AE11: 1.2785368 | AF11: 1.0274827 | AG11: 1.0239431
A12: AGC | B12: =IF(OR(RIGHT(A12,1)="A",RIGHT(A12,1)="T"),"A/T","G/C") -> G/C | C12: 1.034682 | D12: 0.70701701 | E12: 1.2037545 | F12: 0.49070632 | G12: 1.5822501 | H12: 0.51752079 | I12: 0.41793973 | J12: 0.46283478 | K12: 0.76668833 | L12: 1.4932739 | M12: 0.39546064 | N12: 1.0350585 | O12: 0.95723847 | P12: 0.84659977 | Q12: 0.66604423 | R12: 0.32473735 | S12: 1.6064423 | T12: 0.90089474 | U12: 1.242341 | V12: 1.7633126 | W12: 2.018353 | X12: 1.6090639 | Y12: 1.4182496 | Z12: 1.6248377 | AA12: 1.6467848 | AB12: 2.0016269 | AC12: 2.0319047 | AD12: 1.4353908 | AE12: 1.4128015 | AF12: 1.604821 | AG12: 1.6032355
A13: AGG | B13: =IF(OR(RIGHT(A13,1)="A",RIGHT(A13,1)="T"),"A/T","G/C") -> G/C | C13: 0.5749934 | D13: 0.21027515 | E13: 0.48707785 | F13: 0.63620878 | G13: 1.3433801 | H13: 0.58369413 | I13: 0.22083348 | J13: 0.59569674 | K13: 0.32291667 | L13: 0.27879344 | M13: 0.50975306 | N13: 0.70199645 | O13: 0.50693536 | P13: 0.19781308 | Q13: 0.48132231 | R13: 0.39143533 | S13: 0.25905899 | T13: 0.20327544 | U13: 0.83352296 | V13: 0.9292184 | W13: 0.47153372 | X13: 1.2335059 | Y13: 0.15049934 | Z13: 0.19574369 | AA13: 0.20042869 | AB13: 0.32781035 | AC13: 0.32506394 | AD13: 1.1964193 | AE13: 1.2143534 | AF13: 1.208372 | AG13: 1.2079256
A14: AGT | B14: =IF(OR(RIGHT(A14,1)="A",RIGHT(A14,1)="T"),"A/T","G/C") -> A/T | C14: 1.197236 | D14: 1.7665553 | E14: 0.66554503 | F14: 1.8811042 | G14: 0.69048899 | H14: 1.7464985 | I14: 1.5965562 | J14: 1.8204617 | K14: 1.4540227 | L14: 0.80998363 | M14: 1.5992844 | N14: 1.1535039 | O14: 1.254657 | P14: 1.2730417 | Q14: 1.3861916 | R14: 1.8883886 | S14: 0.28282774 | T14: 1.3710078 | U14: 0.49089058 | V14: 0.57562415 | W14: 0.19554541 | X14: 0.68506088 | Y14: 1.0685248 | Z14: 0.64817833 | AA14: 0.6601586 | AB14: 0.63358641 | AC14: 0.60804501 | AD14: 0.92346384 | AE14: 0.93824381 | AF14: 0.80201005 | AG14: 0.80786687
... A64: TTT | B64: =IF(OR(RIGHT(A64,1)="A",RIGHT(A64,1)="T"),"A/T","G/C") -> A/T | C64: 1.3049365 | D64: 1.5327527 | E64: 1.2750498 | F64: 1.6992623 | G64: 1.0975777 | H64: 1.6115098 | I64: 1.4933101 | J64: 1.6435451 | K64: 1.2779976 | L64: 1.135451 | M64: 1.7178392 | N64: 1.3609676 | O64: 1.3806403 | P64: 1.4416388 | Q64: 1.551225 | R64: 1.6897588 | S64: 1.0089725 | T64: 1.2577514 | U64: 0.90606045 | V64: 1.2441648 | W64: 0.5766491 | X64: 1.2258786 | Y64: 1.3999162 | Z64: 0.70626695 | AA64: 0.71760326 | AB64: 1.0111504 | AC64: 0.99786875 | AD64: 0.93328604 | AE64: 0.95309771 | AF64: 0.82910161 | AG64: 0.82559922
A65: AT3 | C65: =AVERAGEIF($B:$B,"A/T",C:C) -> 1.1500348 | D65: =AVERAGEIF($B:$B,"A/T",D:D) -> 1.4138069 | E65: =AVERAGEIF($B:$B,"A/T",E:E) -> 1.2509115 | F65: =AVERAGEIF($B:$B,"A/T",F:F) -> 1.7197577 | G65: =AVERAGEIF($B:$B,"A/T",G:G) -> 0.92000512 | H65: =AVERAGEIF($B:$B,"A/T",H:H) -> 1.6989296 | I65: =AVERAGEIF($B:$B,"A/T",I:I) -> 1.5096558 | J65: =AVERAGEIF($B:$B,"A/T",J:J) -> 1.7084742 | K65: =AVERAGEIF($B:$B,"A/T",K:K) -> 1.4279897 | L65: =AVERAGEIF($B:$B,"A/T",L:L) -> 1.0424684 | M65: =AVERAGEIF($B:$B,"A/T",M:M) -> 1.6900434 | N65: =AVERAGEIF($B:$B,"A/T",N:N) -> 1.2039935 | O65: =AVERAGEIF($B:$B,"A/T",O:O) -> 1.2308953 | P65: =AVERAGEIF($B:$B,"A/T",P:P) -> 1.4180846 | Q65: =AVERAGEIF($B:$B,"A/T",Q:Q) -> 1.3802257 | R65: =AVERAGEIF($B:$B,"A/T",R:R) -> 1.7174321 | S65: =AVERAGEIF($B:$B,"A/T",S:S) -> 0.47886589 | T65: =AVERAGEIF($B:$B,"A/T",T:T) -> 1.35846 | U65: =AVERAGEIF($B:$B,"A/T",U:U) -> 0.76655069 | V65: =AVERAGEIF($B:$B,"A/T",V:V) -> 0.79976534 | W65: =AVERAGEIF($B:$B,"A/T",W:W) -> 0.29372803 | X65: =AVERAGEIF($B:$B,"A/T",X:X) -> 0.87471586 | Y65: =AVERAGEIF($B:$B,"A/T",Y:Y) -> 0.97840061 | Z65: =AVERAGEIF($B:$B,"A/T",Z:Z) -> 0.65751558 | AA65: =AVERAGEIF($B:$B,"A/T",AA:AA) -> 0.66405032 | AB65: =AVERAGEIF($B:$B,"A/T",AB:AB) -> 0.75518654 | AC65: =AVERAGEIF($B:$B,"A/T",AC:AC) -> 0.73486264 | AD65: =AVERAGEIF($B:$B,"A/T",AD:AD) -> 0.78361957 | AE65: =AVERAGEIF($B:$B,"A/T",AE:AE) -> 0.80302758 | AF65: =AVERAGEIF($B:$B,"A/T",AF:AF) -> 0.68292307 | AG65: =AVERAGEIF($B:$B,"A/T",AG:AG) -> 0.68045617
A66: GC3 | C66: =AVERAGEIF($B:$B,"G/C",C:C) -> 0.83996285 | D66: =AVERAGEIF($B:$B,"G/C",D:D) -> 0.55860602 | E66: =AVERAGEIF($B:$B,"G/C",E:E) -> 0.73236104 | F66: =AVERAGEIF($B:$B,"G/C",F:F) -> 0.2322585 | G66: =AVERAGEIF($B:$B,"G/C",G:G) -> 1.0853279 | H66: =AVERAGEIF($B:$B,"G/C",H:H) -> 0.25447514 | I66: =AVERAGEIF($B:$B,"G/C",I:I) -> 0.45636711 | J66: =AVERAGEIF($B:$B,"G/C",J:J) -> 0.24429415 | K66: =AVERAGEIF($B:$B,"G/C",K:K) -> 0.54347763 | L66: =AVERAGEIF($B:$B,"G/C",L:L) -> 0.9547004 | M66: =AVERAGEIF($B:$B,"G/C",M:M) -> 0.26395375 | N66: =AVERAGEIF($B:$B,"G/C",N:N) -> 0.78240694 | O66: =AVERAGEIF($B:$B,"G/C",O:O) -> 0.75371173 | P66: =AVERAGEIF($B:$B,"G/C",P:P) -> 0.55404309 | Q66: =AVERAGEIF($B:$B,"G/C",Q:Q) -> 0.59442591 | R66: =AVERAGEIF($B:$B,"G/C",R:R) -> 0.23473906 | S66: =AVERAGEIF($B:$B,"G/C",S:S) -> 1.5558764 | T66: =AVERAGEIF($B:$B,"G/C",T:T) -> 0.61764266 | U66: =AVERAGEIF($B:$B,"G/C",U:U) -> 1.2490126 | V66: =AVERAGEIF($B:$B,"G/C",V:V) -> 1.2135836 | W66: =AVERAGEIF($B:$B,"G/C",W:W) -> 1.7533568 | X66: =AVERAGEIF($B:$B,"G/C",X:X) -> 1.1336364 | Y66: =AVERAGEIF($B:$B,"G/C",Y:Y) -> 1.0230393 | Z66: =AVERAGEIF($B:$B,"G/C",Z:Z) -> 1.3653167 | AA66: =AVERAGEIF($B:$B,"G/C",AA:AA) -> 1.3583463 | AB66: =AVERAGEIF($B:$B,"G/C",AB:AB) -> 1.2611344 | AC66: =AVERAGEIF($B:$B,"G/C",AC:AC) -> 1.2828132 | AD66: =AVERAGEIF($B:$B,"G/C",AD:AD) -> 1.1308058 | AE66: =AVERAGEIF($B:$B,"G/C",AE:AE) -> 1.1101039 | AF66: =AVERAGEIF($B:$B,"G/C",AF:AF) -> 1.2382154 | AG66: =AVERAGEIF($B:$B,"G/C",AG:AG) -> 1.2408467

Sheet Sheet1
A1: asv
A3: ASV8 | B3: =VLOOKUP(A3,[1]ALL!$G:$I,2,FALSE) -> g__Coprococcus | C3: =VLOOKUP(A3,[1]ALL!$G:$I,3,FALSE) -> s__unclassified_g__Coprococcus | D3: =A3&":"&C3 -> ASV8:s__unclassified_g__Coprococcus | E3: ASV8:s__unclassified_g__Coprococcus
A4: ASV1555 | B4: =VLOOKUP(A4,[1]ALL!$G:$I,2,FALSE) -> g__Enterococcus | C4: =VLOOKUP(A4,[1]ALL!$G:$I,3,FALSE) -> s__unclassified_g__Enterococcus | D4: =A4&":"&C4 -> ASV1555:s__unclassified_g__Enterococcus | E4: ASV1555:s__unclassified_g__Enterococcus
A5: ASV1831 | B5: =VLOOKUP(A5,[1]ALL!$G:$I,2,FALSE) -> g__norank_f__Eubacterium_coprostanoligenes_group | C5: =VLOOKUP(A5,[1]ALL!$G:$I,3,FALSE) -> s__Eubacterium_coprostanoligenes | D5: =A5&":"&C5 -> ASV1831:s__Eubacterium_coprostanoligenes | E5: ASV1831:s__Eubacterium_coprostanoligenes
A6: ASV54 | B6: =VLOOKUP(A6,[1]ALL!$G:$I,2,FALSE) -> g__Clostridium_sensu_stricto_1 | C6: =VLOOKUP(A6,[1]ALL!$G:$I,3,FALSE) -> s__unclassified_g__Clostridium_sensu_stricto_1 | D6: =A6&":"&C6 -> ASV54:s__unclassified_g__Clostridium_sensu_stricto_1 | E6: ASV54:s__unclassified_g__Clostridium_sensu_stricto_1
A7: ASV21 | B7: =VLOOKUP(A7,[1]ALL!$G:$I,2,FALSE) -> g__Lachnoclostridium | C7: =VLOOKUP(A7,[1]ALL!$G:$I,3,FALSE) -> s__Clostridium_scindens | D7: =A7&":"&C7 -> ASV21:s__Clostridium_scindens | E7: ASV21:s__Clostridium_scindens
A8: ASV30 | B8: =VLOOKUP(A8,[1]ALL!$G:$I,2,FALSE) -> g__Clostridium_sensu_stricto_1 | C8: =VLOOKUP(A8,[1]ALL!$G:$I,3,FALSE) -> s__unclassified_g__Clostridium_sensu_stricto_1 | D8: =A8&":"&C8 -> ASV30:s__unclassified_g__Clostridium_sensu_stricto_1 | E8: ASV30:s__unclassified_g__Clostridium_sensu_stricto_1
A9: ASV73 | B9: =VLOOKUP(A9,[1]ALL!$G:$I,2,FALSE) -> g__Turicibacter | C9: =VLOOKUP(A9,[1]ALL!$G:$I,3,FALSE) -> s__unclassified_g__Turicibacter | D9: =A9&":"&C9 -> ASV73:s__unclassified_g__Turicibacter | E9: ASV73:s__unclassified_g__Turicibacter
A10: ASV9 | B10: =VLOOKUP(A10,[1]ALL!$G:$I,2,FALSE) -> g__Romboutsia | C10: =VLOOKUP(A10,[1]ALL!$G:$I,3,FALSE) -> s__unclassified_g__Romboutsia | D10: =A10&":"&C10 -> ASV9:s__unclassified_g__Romboutsia | E10: ASV9:s__unclassified_g__Romboutsia
A11: ASV17 | B11: =VLOOKUP(A11,[1]ALL!$G:$I,2,FALSE) -> g__Sharpea | C11: =VLOOKUP(A11,[1]ALL!$G:$I,3,FALSE) -> s__uncultured_bacterium_g__Sharpea | D11: =A11&":"&C11 -> ASV17:s__uncultured_bacterium_g__Sharpea | E11: ASV17:s__uncultured_bacterium_g__Sharpea
A12: ASV5 | B12: =VLOOKUP(A12,[1]ALL!$G:$I,2,FALSE) -> g__UCG-002 | C12: =VLOOKUP(A12,[1]ALL!$G:$I,3,FALSE) -> s__unclassified_g__UCG-002 | D12: =A12&":"&C12 -> ASV5:s__unclassified_g__UCG-002 | E12: ASV5:s__unclassified_g__UCG-002
A13: ASV4 | B13: =VLOOKUP(A13,[1]ALL!$G:$I,2,FALSE) -> g__Christensenellaceae_R-7_group | C13: =VLOOKUP(A13,[1]ALL!$G:$I,3,FALSE) -> s__uncultured_spirochete_g__Christensenellaceae_R-7_group | D13: =A13&":"&C13 -> ASV4:s__uncultured_spirochete_g__Christensenellaceae_R-7_group | E13: ASV4:s__uncultured_spirochete_g__Christensenellaceae_R-7_group
A14: ASV28 | B14: =VLOOKUP(A14,[1]ALL!$G:$I,2,FALSE) -> g__Christensenellaceae_R-7_group | C14: =VLOOKUP(A14,[1]ALL!$G:$I,3,FALSE) -> s__uncultured_prokaryote_g__Christensenellaceae_R-7_group | D14: =A14&":"&C14 -> ASV28:s__uncultured_prokaryote_g__Christensenellaceae_R-7_group | E14: ASV28:s__uncultured_prokaryote_g__Christensenellaceae_R-7_group
... A45: ASV3058 | B45: =VLOOKUP(A45,[1]ALL!$G:$I,2,FALSE) -> g__Allisonella | C45: =VLOOKUP(A45,[1]ALL!$G:$I,3,FALSE) -> s__uncultured_bacterium_g__Allisonella | D45: =A45&":"&C45 -> ASV3058:s__uncultured_bacterium_g__Allisonella | E45: ASV3058:s__uncultured_bacterium_g__Allisonella
A46: #N/A | B46: =VLOOKUP(A46,[1]ALL!$G:$I,2,FALSE) -> #N/A | C46: =VLOOKUP(A46,[1]ALL!$G:$I,3,FALSE) -> #N/A
A47: #N/A | B47: =VLOOKUP(A47,[1]ALL!$G:$I,2,FALSE) -> #N/A | C47: =VLOOKUP(A47,[1]ALL!$G:$I,3,FALSE) -> #N/A
A48: #N/A | B48: =VLOOKUP(A48,[1]ALL!$G:$I,2,FALSE) -> #N/A | C48: =VLOOKUP(A48,[1]ALL!$G:$I,3,FALSE) -> #N/A
A49: #N/A | B49: =VLOOKUP(A49,[1]ALL!$G:$I,2,FALSE) -> #N/A | C49: =VLOOKUP(A49,[1]ALL!$G:$I,3,FALSE) -> #N/A
C56: ASV45:s__unclassified_g__Escherichia-Shigella | D56: ASV1833:s__unclassified_g__Enterococcus | E56: ASV3729:s__Cloacibacillus_porcorum | F56: ASV31:s__Lactobacillus_vaginalis_g__Bacillus | G56: ASV17:s__uncultured_bacterium_g__Sharpea | H56: ASV9:s__unclassified_g__Romboutsia | I56: ASV73:s__unclassified_g__Turicibacter | J56: ASV1517:s__unclassified_g__Escherichia-Shigella | K56: ASV7:s__unclassified_g__Lactobacillus | L56: ASV30:s__unclassified_g__Clostridium_sensu_stricto_1 | M56: ASV21:s__Clostridium_scindens | N56: ASV54:s__unclassified_g__Clostridium_sensu_stricto_1 | O56: ASV33:s__gut_metagenome_g__norank_f__norank | P56: ASV1834:s__unclassified_f__Lachnospiraceae | Q56: ASV28:s__uncultured_prokaryote_g__Christensenellaceae_R-7_group | R56: ASV3787:s__uncultured_organism_g__UCG-002 | S56: ASV8:s__unclassified_g__Coprococcus | T56: ASV4:s__uncultured_spirochete_g__Christensenellaceae_R-7_group | U56: ASV1831:s__Eubacterium_coprostanoligenes | V56: ASV1555:s__unclassified_g__Enterococcus | W56: ASV1853:s__unclassified_g__Lactobacillus | X56: ASV22:s__unclassified_g__Lactobacillus | Y56: ASV7036:s__unclassified_g__Bacteroides | Z56: ASV2:s__unclassified_g__Lactobacillus | AA56: ASV77:s__unclassified_g__Lactobacillus | AB56: ASV167:s__unclassified_g__Collinsella | AC56: ASV1540:s__unclassified_g__Megasphaera | AD56: ASV3402:s__unclassified_g__Megasphaera | AE56: ASV2874:s__unclassified_g__Fusobacterium | AF56: ASV2996:s__unclassified_g__Fusobacterium | AG56: ASV318:s__unclassified_g__Peptostreptococcus | AH56: ASV2586:s__unclassified_g__Campylobacter | AI56: ASV1515:s__unclassified_g__Streptococcus | AJ56: ASV5:s__unclassified_g__UCG-002 | AK56: ASV2860:s__unclassified_g__Phascolarctobacterium | AL56: ASV48:s__unclassified_g__Blautia | AM56: ASV38:s__unclassified_g__Blautia | AN56: ASV2839:s__Pasteurella_aerogenes | AO56: ASV1527:s__Lactobacillus_vaginalis_g__Bacillus | AP56: ASV172:s__uncultured_bacterium_g__Mogibacterium | AQ56: ASV1089:s__Fusobacterium_gastrosuis | AR56: ASV3058:s__uncultured_bacterium_g__Allisonella
A57: ASV8
A58: ASV1555
A59: ASV1831
A60: ASV54
A61: ASV21
A62: ASV30
A63: ASV73
A64: ASV9
A65: ASV17
A66: ASV5
A67: ASV4
A68: ASV28
... A83: ASV2

Sheet 缬氨酸
A1: name | B1: H_CE_GCA_025149785.1 | C1: H_CE_GCA_900167205.1 | D1: H_CE_GCA_021412605.1 | E1: H_CE_GCA_020138775.1 | F1: H_CE_GCA_013046825.1 | G1: H_CE_GCA_012317385.1 | H1: H_CE_GCA_009695655.1 | I1: H_CE_GCA_900163975.1 | J1: H_CE_GCA_022846015.1 | K1: H_CE_GCA_021412605.1 | L1: H_CE_GCA_022846095.1 | M1: H_CE_GCA_000005845.2 | N1: H_CE_GCA_022845955.1 | O1: W_CE_GCA_034174805.1 | P1: W_CE_GCA_025311515.1 | Q1: W_CE_GCA_025148125.1 | R1: W_CE_GCA_025147765.1 | S1: W_CE_GCA_023497905.1 | T1: W_CE_GCA_014898655.1 | U1: W_CE_GCA_013267695.1 | V1: W_CE_GCA_003019315.1 | W1: W_CE_GCA_000194115.1 | X1: W_CE_GCA_025264445.1 | Y1: W_CE_GCA_003010495.1 | Z1: W_CE_GCA_003006415.1 | AA1: W_CE_GCA_002736145.1 | AB1: H6_PBMC | AC1: H7_PBMC | AD1: W10_PBMC | AE1: W6_PBMC
A2: GTA | B2: 1.3915298 | C2: 0.76263338 | D2: 1.7785113 | E2: 1.6077798 | F2: 0.87503865 | G2: 2.0171022 | H2: 0.83465359 | I2: 0.53444852 | J2: 0.97961271 | K2: 1.7785113 | L2: 0.21278155 | M2: 0.61579257 | N2: 1.5865742 | O2: 0.7880321 | P2: 1.4422289 | Q2: 1.375412 | R2: 1.2120886 | S2: 1.0123527 | T2: 0.62372621 | U2: 0.58740593 | V2: 2.3011809 | W2: 1.076867 | X2: 0.92730055 | Y2: 0.48979429 | Z2: 0.51196725 | AA2: 0.22324652 | AB2: 0.46821603 | AC2: 0.4830031 | AD2: 0.36824899 | AE2: 0.37061325
A3: GTC | B3: 0.56640584 | C3: 0.43094423 | D3: 0.066379989 | E3: 0.083102399 | F3: 0.57158564 | G3: 0.093157263 | H3: 0.96282325 | I3: 1.4919994 | J3: 0.84937952 | K3: 0.066379989 | L3: 1.0576248 | M3: 0.86375116 | N3: 0.17442441 | O3: 0.52375901 | P3: 0.45461662 | Q3: 0.53687915 | R3: 0.44785759 | S3: 0.60134373 | T3: 1.1191117 | U3: 0.67277917 | V3: 0.08886905 | W3: 0.52540518 | X3: 0.5671694 | Y3: 2.6443151 | Z3: 2.6151718 | AA3: 1.5878467 | AB3: 0.95042397 | AC3: 0.93854248 | AD3: 1.0320387 | AE3: 1.0279401
A4: GTG | B4: 0.9745051 | C4: 0.57227703 | D4: 0.20895161 | E4: 0.22686547 | F4: 0.74001031 | G4: 0.22214424 | H4: 0.61880213 | I4: 1.395508 | J4: 1.3656075 | K4: 0.20895161 | L4: 2.5270741 | M4: 1.485689 | N4: 0.36660194 | O4: 0.40342717 | P4: 0.95496201 | Q4: 0.84982684 | R4: 0.88743531 | S4: 1.5422444 | T4: 0.59584695 | U4: 0.67520111 | V4: 0.28186503 | W4: 0.46036792 | X4: 1.4514536 | Y4: 0.4247329 | Z4: 0.43411852 | AA4: 1.4928939 | AB4: 1.8444042 | AC4: 1.811896 | AD4: 1.988794 | AE4: 1.9988077
A5: GTT | B5: 1.0675592 | C5: 2.2341454 | D5: 1.9461571 | E5: 2.0822523 | F5: 1.8133654 | G5: 1.6675963 | H5: 1.583721 | I5: 0.57804402 | J5: 0.80540024 | K5: 1.9461571 | L5: 0.20251945 | M5: 1.0347672 | N5: 1.8723994 | O5: 2.2847817 | P5: 1.1481925 | Q5: 1.237882 | R5: 1.4526185 | S5: 0.84405914 | T5: 1.6613151 | U5: 2.0646138 | V5: 1.3280851 | W5: 1.9373599 | X5: 1.0540765 | Y5: 0.44115771 | Z5: 0.43874244 | AA5: 0.69601291 | AB5: 0.73695584 | AC5: 0.76655845 | AD5: 0.61091831 | AE5: 0.60263901
A6: AT3 | B6: 1.2295445 | C6: 1.4983894 | D6: 1.8623342 | E6: 1.8450161 | F6: 1.344202 | G6: 1.8423492 | H6: 1.2091873 | I6: 0.55624627 | J6: 0.89250648 | K6: 1.8623342 | L6: 0.2076505 | M6: 0.82527991 | N6: 0.92820591 | O6: 1.7294868 | P6: 1.5364069 | Q6: 1.2952107 | R6: 1.306647 | S6: 1.3323535 | T6: 1.1425207 | U6: 1.3260099 | V6: 1.814633 | W6: 1.5071135 | X6: 0.99068852 | Y6: 0.465476 | Z6: 0.47535485 | AA6: 0.45962971 | AB6: 0.60258594 | AC6: 0.62478078 | AD6: 0.48958365 | AE6: 0.48662613
A7: GC3 | B7: 0.77045547 | C7: 0.50161063 | D7: 0.1376658 | E7: 0.15498393 | F7: 0.65579797 | G7: 0.15765075 | H7: 0.79081269 | I7: 1.4437537 | J7: 1.1074935 | K7: 0.1376658 | L7: 1.7923495 | M7: 1.1747201 | N7: 1.0717941 | O7: 0.27051318 | P7: 0.46359309 | Q7: 0.70478932 | R7: 0.69335299 | S7: 0.66764645 | T7: 0.85747933 | U7: 0.67399014 | V7: 0.18536704 | W7: 0.49288655 | X7: 1.0093115 | Y7: 1.534524 | Z7: 1.5246452 | AA7: 1.5403703 | AB7: 1.3974141 | AC7: 1.3752192 | AD7: 1.5104164 | AE7: 1.5133739
A8: allAA_AT3 | B8: 1.1500348 | C8: 1.2509115 | D8: 1.7197577 | E8: 1.6989296 | F8: 1.5096558 | G8: 1.7084742 | H8: 1.4279897 | I8: 0.76655069 | J8: 0.79976534 | K8: 1.7197577 | L8: 0.29372803 | M8: 0.9089904 | N8: 0.87471586 | O8: 1.6900434 | P8: 1.294389 | Q8: 1.2039935 | R8: 1.2308953 | S8: 0.95884198 | T8: 0.97840061 | U8: 1.4180846 | V8: 1.7174321 | W8: 1.35846 | X8: 1.2348929 | Y8: 0.65751558 | Z8: 0.66405032 | AA8: 0.47886589 | AB8: 0.78361957 | AC8: 0.80302758 | AD8: 0.68292307 | AE8: 0.68045617
A9: allAA_1GC3 | B9: 0.83996285 | C9: 0.73236104 | D9: 0.2322585 | E9: 0.25447514 | F9: 0.45636711 | G9: 0.24429415 | H9: 0.54347763 | I9: 1.2490126 | J9: 1.2135836 | K9: 0.2322585 | L9: 1.7533568 | M9: 1.0970769 | N9: 1.1336364 | O9: 0.26395375 | P9: 0.68598507 | Q9: 0.78240694 | R9: 0.75371173 | S9: 1.0439019 | T9: 1.0230393 | U9: 0.55404309 | V9: 0.23473906 | W9: 0.61764266 | X9: 0.7494476 | Y9: 1.3653167 | Z9: 1.3583463 | AA9: 1.5558764 | AB9: 1.1308058 | AC9: 1.1101039 | AD9: 1.2382154 | AE9: 1.2408467

Sheet Val
C1: ASV8 | D1: ASV1831 | E1: ASV54 | F1: ASV30 | G1: ASV73 | H1: ASV9 | I1: ASV17 | J1: ASV4 | K1: ASV28 | L1: ASV54 | M1: ASV3787 | N1: ASV45 | O1: ASV1834 | P1: ASV1089 | Q1: ASV1527 | R1: ASV38 | S1: ASV48 | T1: ASV2860 | U1: ASV22 | V1: ASV1515 | W1: ASV2874 | X1: ASV2 | Y1: ASV2839 | Z1: ASV3402 | AA1: ASV1540 | AB1: ASV167
C2: H_CE_GCA_025149785.1 | D2: H_CE_GCA_900167205.1 | E2: H_CE_GCA_021412605.1 | F2: H_CE_GCA_020138775.1 | G2: H_CE_GCA_013046825.1 | H2: H_CE_GCA_012317385.1 | I2: H_CE_GCA_009695655.1 | J2: H_CE_GCA_900163975.1 | K2: H_CE_GCA_022846015.1 | L2: H_CE_GCA_021412605.1 | M2: H_CE_GCA_022846095.1 | N2: H_CE_GCA_000005845.2 | O2: H_CE_GCA_022845955.1 | P2: W_CE_GCA_034174805.1 | Q2: W_CE_GCA_025311515.1 | R2: W_CE_GCA_025148125.1 | S2: W_CE_GCA_025147765.1 | T2: W_CE_GCA_023497905.1 | U2: W_CE_GCA_014898655.1 | V2: W_CE_GCA_013267695.1 | W2: W_CE_GCA_003019315.1 | X2: W_CE_GCA_000194115.1 | Y2: W_CE_GCA_025264445.1 | Z2: W_CE_GCA_003010495.1 | AA2: W_CE_GCA_003006415.1 | AB2: W_CE_GCA_002736145.1 | AC2: H6_PBMC | AD2: H7_PBMC | AE2: W10_PBMC | AF2: W6_PBMC
A3: GTA | B3: =IF(OR(RIGHT(A3,1)="A",RIGHT(A3,1)="T"),"A/T","G/C") -> A/T | C3: 1.3915298 | D3: 0.76263338 | E3: 1.7785113 | F3: 1.6077798 | G3: 0.87503865 | H3: 2.0171022 | I3: 0.83465359 | J3: 0.53444852 | K3: 0.97961271 | L3: 1.7785113 | M3: 0.21278155 | N3: 0.61579257 | O3: 1.0123527 | P3: 1.5865742 | Q3: 0.7880321 | R3: 1.4422289 | S3: 1.375412 | T3: 1.2120886 | U3: 0.62372621 | V3: 0.58740593 | W3: 2.3011809 | X3: 1.076867 | Y3: 0.92730055 | Z3: 0.48979429 | AA3: 0.51196725 | AB3: 0.22324652 | AC3: 0.46821603 | AD3: 0.4830031 | AE3: 0.36824899 | AF3: 0.37061325
A4: GTC | B4: =IF(OR(RIGHT(A4,1)="A",RIGHT(A4,1)="T"),"A/T","G/C") -> G/C | C4: 0.56640584 | D4: 0.43094423 | E4: 0.066379989 | F4: 0.083102399 | G4: 0.57158564 | H4: 0.093157263 | I4: 0.96282325 | J4: 1.4919994 | K4: 0.84937952 | L4: 0.066379989 | M4: 1.0576248 | N4: 0.86375116 | O4: 0.60134373 | P4: 0.17442441 | Q4: 0.52375901 | R4: 0.45461662 | S4: 0.53687915 | T4: 0.44785759 | U4: 1.1191117 | V4: 0.67277917 | W4: 0.08886905 | X4: 0.52540518 | Y4: 0.5671694 | Z4: 2.6443151 | AA4: 2.6151718 | AB4: 1.5878467 | AC4: 0.95042397 | AD4: 0.93854248 | AE4: 1.0320387 | AF4: 1.0279401
A5: GTG | B5: =IF(OR(RIGHT(A5,1)="A",RIGHT(A5,1)="T"),"A/T","G/C") -> G/C | C5: 0.9745051 | D5: 0.57227703 | E5: 0.20895161 | F5: 0.22686547 | G5: 0.74001031 | H5: 0.22214424 | I5: 0.61880213 | J5: 1.395508 | K5: 1.3656075 | L5: 0.20895161 | M5: 2.5270741 | N5: 1.485689 | O5: 1.5422444 | P5: 0.36660194 | Q5: 0.40342717 | R5: 0.95496201 | S5: 0.84982684 | T5: 0.88743531 | U5: 0.59584695 | V5: 0.67520111 | W5: 0.28186503 | X5: 0.46036792 | Y5: 1.4514536 | Z5: 0.4247329 | AA5: 0.43411852 | AB5: 1.4928939 | AC5: 1.8444042 | AD5: 1.811896 | AE5: 1.988794 | AF5: 1.9988077
A6: GTT | B6: =IF(OR(RIGHT(A6,1)="A",RIGHT(A6,1)="T"),"A/T","G/C") -> A/T | C6: 1.0675592 | D6: 2.2341454 | E6: 1.9461571 | F6: 2.0822523 | G6: 1.8133654 | H6: 1.6675963 | I6: 1.583721 | J6: 0.57804402 | K6: 0.80540024 | L6: 1.9461571 | M6: 0.20251945 | N6: 1.0347672 | O6: 0.84405914 | P6: 1.8723994 | Q6: 2.2847817 | R6: 1.1481925 | S6: 1.237882 | T6: 1.4526185 | U6: 1.6613151 | V6: 2.0646138 | W6: 1.3280851 | X6: 1.9373599 | Y6: 1.0540765 | Z6: 0.44115771 | AA6: 0.43874244 | AB6: 0.69601291 | AC6: 0.73695584 | AD6: 0.76655845 | AE6: 0.61091831 | AF6: 0.60263901
A7: AT3 | C7: =AVERAGEIF($B3:$B6,"A/T",C3:C6) -> 1.2295445 | D7: =AVERAGEIF($B3:$B6,"A/T",D3:D6) -> 1.4983894 | E7: =AVERAGEIF($B3:$B6,"A/T",E3:E6) -> 1.8623342 | F7: =AVERAGEIF($B3:$B6,"A/T",F3:F6) -> 1.8450161 | G7: =AVERAGEIF($B3:$B6,"A/T",G3:G6) -> 1.344202 | H7: =AVERAGEIF($B3:$B6,"A/T",H3:H6) -> 1.8423492 | I7: =AVERAGEIF($B3:$B6,"A/T",I3:I6) -> 1.2091873 | J7: =AVERAGEIF($B3:$B6,"A/T",J3:J6) -> 0.55624627 | ... AF7: =AVERAGEIF($B3:$B6,"A/T",AF3:AF6) -> 0.48662613
A8: GC3 | C8: =AVERAGEIF($B3:$B6,"G/C",C3:C6) -> 0.77045547 | D8: =AVERAGEIF($B3:$B6,"G/C",D3:D6) -> 0.50161063 | E8: =AVERAGEIF($B3:$B6,"G/C",E3:E6) -> 0.1376658 | F8: =AVERAGEIF($B3:$B6,"G/C",F3:F6) -> 0.15498393 | G8: =AVERAGEIF($B3:$B6,"G/C",G3:G6) -> 0.65579797 | H8: =AVERAGEIF($B3:$B6,"G/C",H3:H6) -> 0.15765075 | I8: =AVERAGEIF($B3:$B6,"G/C",I3:I6) -> 0.79081269 | J8: =AVERAGEIF($B3:$B6,"G/C",J3:J6) -> 1.4437537 | ... AF8: =AVERAGEIF($B3:$B6,"G/C",AF3:AF6) -> 1.5133739
C12: ASV8 | D12: ASV1831 | E12: ASV54 | F12: ASV30 | G12: ASV73 | H12: ASV9 | I12: ASV17 | J12: ASV4 | K12: ASV28 | L12: ASV54 | M12: ASV3787 | N12: ASV45 | O12: ASV1834 | P12: ASV1089 | Q12: ASV1527 | R12: ASV38 | S12: ASV48 | T12: ASV2860 | U12: ASV22 | V12: ASV1515 | W12: ASV2874 | X12: ASV2 | Y12: ASV2839 | Z12: ASV3402 | AA12: ASV1540 | AB12: ASV167
C13: H_CE_GCA_025149785.1 | D13: H_CE_GCA_900167205.1 | E13: H_CE_GCA_021412605.1 | F13: H_CE_GCA_020138775.1 | G13: H_CE_GCA_013046825.1 | H13: H_CE_GCA_012317385.1 | I13: H_CE_GCA_009695655.1 | J13: H_CE_GCA_900163975.1 | K13: H_CE_GCA_022846015.1 | L13: H_CE_GCA_021412605.1 | M13: H_CE_GCA_022846095.1 | N13: H_CE_GCA_000005845.2 | O13: H_CE_GCA_022845955.1 | P13: W_CE_GCA_034174805.1 | Q13: W_CE_GCA_025311515.1 | R13: W_CE_GCA_025148125.1 | S13: W_CE_GCA_025147765.1 | T13: W_CE_GCA_023497905.1 | U13: W_CE_GCA_014898655.1 | V13: W_CE_GCA_013267695.1 | W13: W_CE_GCA_003019315.1 | X13: W_CE_GCA_000194115.1 | Y13: W_CE_GCA_025264445.1 | Z13: W_CE_GCA_003010495.1 | AA13: W_CE_GCA_003006415.1 | AB13: W_CE_GCA_002736145.1 | AC13: H6_PBMC | AD13: H7_PBMC | AE13: W10_PBMC | AF13: W6_PBMC
A14: AAA | B14: =IF(OR(RIGHT(A14,1)="A",RIGHT(A14,1)="T"),"A/T","G/C") -> A/T | C14: 1.2088429 | D14: 1.1214768 | E14: 1.4183298 | F14: 1.3844375 | G14: 1.5591946 | H14: 1.5187491 | I14: 1.1003009 | J14: 1.0443849 | K14: 1.1158873 | L14: 1.4183298 | M14: 0.45727555 | N14: 1.5344933 | O14: 1.1190215 | P14: 1.6843118 | Q14: 0.8443391 | R14: 1.2745115 | S14: 1.3642961 | T14: 0.92982259 | U14: 0.8899004 | V14: 1.5970184 | W14: 1.6205278 | X14: 0.94544423 | Y14: 1.7985108 | Z14: 1.0705512 | AA14: 1.0685378 | AB14: 0.32621684 | AC14: 0.82420333 | AD14: 0.84761225 | AE14: 0.72913694 | AF14: 0.72889925
A15: AAC | B15: =IF(OR(RIGHT(A15,1)="A",RIGHT(A15,1)="T"),"A/T","G/C") -> G/C | C15: 0.66831659 | D15: 0.93924179 | E15: 0.2615033 | F15: 0.34829941 | G15: 0.41820066 | H15: 0.33113056 | I15: 0.44965649 | J15: 0.95215697 | K15: 1.0548613 | L15: 0.2615033 | M15: 1.6368538 | N15: 1.1056573 | O15: 0.83726107 | P15: 0.26299282 | Q15: 0.76651457 | R15: 0.65698822 | S15: 0.63390209 | T15: 0.9635142 | U15: 0.9463945 | V15: 0.5642554 | W15: 0.30417004 | X15: 0.83513347 | Y15: 0.57416653 | Z15: 1.0558359 | AA15: 1.0367471 | AB15: 1.5653435 | AC15: 1.0953025 | AD15: 1.0755309 | AE15: 1.2093849 | AF15: 1.2117844
A16: AAG | B16: =IF(OR(RIGHT(A16,1)="A",RIGHT(A16,1)="T"),"A/T","G/C") -> G/C | C16: 0.79115708 | D16: 0.87852324 | E16: 0.58167015 | F16: 0.61556252 | G16: 0.44080537 | H16: 0.48125091 | I16: 0.8996991 | J16: 0.95561514 | K16: 0.8841127 | L16: 0.58167015 | M16: 1.5427245 | N16: 0.4655067 | O16: 0.88097848 | P16: 0.31568819 | Q16: 1.1556609 | R16: 0.72548854 | S16: 0.63570392 | T16: 1.0701774 | U16: 1.1100996 | V16: 0.4029816 | W16: 0.37947216 | X16: 1.0545558 | Y16: 0.2014892 | Z16: 0.92944883 | AA16: 0.93146217 | AB16: 1.6737832 | AC16: 1.1757967 | AD16: 1.1523878 | AE16: 1.2708631 | AF16: 1.2711007
A17: AAT | B17: =IF(OR(RIGHT(A17,1)="A",RIGHT(A17,1)="T"),"A/T","G/C") -> A/T | C17: 1.3316834 | D17: 1.0607582 | E17: 1.7384967 | F17: 1.6517006 | G17: 1.5817993 | H17: 1.6688694 | I17: 1.5503435 | J17: 1.047843 | K17: 0.94513874 | L17: 1.7384967 | M17: 0.36314621 | N17: 0.89434271 | O17: 1.1627389 | P17: 1.7370072 | Q17: 1.2334854 | R17: 1.3430118 | S17: 1.3660979 | T17: 1.0364858 | U17: 1.0536055 | V17: 1.4357446 | W17: 1.69583 | X17: 1.1648665 | Y17: 1.4258335 | Z17: 0.9441641 | AA17: 0.9632529 | AB17: 0.43465653 | AC17: 0.90469753 | AD17: 0.92446909 | AE17: 0.79061514 | AF17: 0.78821564
A18: ACA | B18: =IF(OR(RIGHT(A18,1)="A",RIGHT(A18,1)="T"),"A/T","G/C") -> A/T | C18: 1.695286 | D18: 1.9253987 | E18: 1.8077399 | F18: 1.6724142 | G18: 1.7010858 | H18: 1.7933592 | I18: 2.2324906 | J18: 0.82251533 | K18: 0.79379342 | L18: 1.8077399 | M18: 0.21643251 | N18: 0.51469138 | O18: 0.87104425 | P18: 1.972937 | Q18: 0.97127704 | R18: 1.8431514 | S18: 1.8813726 | T18: 0.77867461 | U18: 0.36462414 | V18: 1.7040754 | W18: 1.7680812 | X18: 0.7603421 | Y18: 0.78504673 | Z18: 0.50972855 | AA18: 0.51982011 | AB18: 0.2060243 | AC18: 1.075281 | AD18: 1.097374 | AE18: 0.95089291 | AF18: 0.94136558
A19: ACC | B19: =IF(OR(RIGHT(A19,1)="A",RIGHT(A19,1)="T"),"A/T","G/C") -> G/C | C19: 0.89875482 | D19: 0.80722073 | E19: 0.14512864 | F19: 0.25379995 | G19: 0.45786628 | H19: 0.12223404 | I19: 0.35337741 | J19: 1.3480238 | K19: 0.92791865 | L19: 0.14512864 | M19: 2.8040785 | N19: 1.7506286 | O19: 1.6153628 | P19: 0.16483179 | Q19: 0.89344707 | R19: 0.80768374 | S19: 0.71101927 | T19: 1.4469099 | U19: 1.1420238 | V19: 0.53819373 | W19: 0.12168678 | X19: 0.7357618 | Y19: 1.4485119 | Z19: 1.3097075 | AA19: 1.3025976 | AB19: 2.0034393 | AC19: 1.4166976 | AD19: 1.3920074 | AE19: 1.578409 | AF19: 1.5754043
A20: ACG | B20: =IF(OR(RIGHT(A20,1)="A",RIGHT(A20,1)="T"),"A/T","G/C") -> G/C | C20: 0.73897278 | D20: 0.34964899 | E20: 0.11871302 | F20: 0.060896423 | G20: 0.91863379 | H20: 0.16386877 | I20: 0.46363283 | J20: 1.2650393 | K20: 1.9430625 | L20: 0.11871302 | M20: 0.83626771 | N20: 1.0725052 | O20: 1.096354 | P20: 0.14669893 | Q20: 0.63043548 | R20: 0.46648107 | S20: 0.62132042 | T20: 0.78165302 | U20: 1.6469848 | V20: 0.64233054 | W20: 0.041343669 | X20: 0.50490972 | Y20: 0.77239396 | Z20: 1.7868934 | AA20: 1.7919442 | AB20: 1.5072946 | AC20: 0.55933646 | AD20: 0.53974269 | AE20: 0.64597244 | AF20: 0.66047694
A21: ACT | B21: =IF(OR(RIGHT(A21,1)="A",RIGHT(A21,1)="T"),"A/T","G/C") -> A/T | C21: 0.66698643 | D21: 0.91773155 | E21: 1.9284184 | F21: 2.0128894 | G21: 0.92241417 | H21: 1.920538 | I21: 0.95049916 | J21: 0.56442162 | K21: 0.3352254 | L21: 1.9284184 | M21: 0.14322129 | N21: 0.66217474 | O21: 0.41723894 | P21: 1.7155322 | Q21: 1.5048404 | R21: 0.88268374 | S21: 0.78628773 | T21: 0.99276247 | U21: 0.8463672 | V21: 1.1154004 | W21: 2.0688884 | X21: 1.9989864 | Y21: 0.99404745 | Z21: 0.39367052 | AA21: 0.3856381 | AB21: 0.2832418 | AC21: 0.94868493 | AD21: 0.97087592 | AE21: 0.82472566 | AF21: 0.82275323
A22: AGA | B22: =IF(OR(RIGHT(A22,1)="A",RIGHT(A22,1)="T"),"A/T","G/C") -> A/T | C22: 1.9790772 | D22: 2.8377993 | E22: 4.9301618 | F22: 5.1465397 | G22: 1.0592135 | H22: 4.9494198 | I22: 2.1507092 | J22: 0.76583682 | K22: 0.56284348 | L22: 4.9301618 | M22: 0.13977768 | N22: 0.21333008 | O22: 1.0439228 | P22: 5.0807683 | Q22: 0.43845743 | R22: 2.1077663 | S22: 2.038995 | T22: 0.79962936 | U22: 0.42386003 | V22: 0.69197442 | W22: 5.3436626 | X22: 1.7803473 | Y22: 0.41943872 | Z22: 0.24292563 | AA22: 0.24602622 | AB22: 0.090549592 | AC22: 1.214156 | AD22: 1.2785368 | AE22: 1.0274827 | AF22: 1.0239431
A23: AGC | B23: =IF(OR(RIGHT(A23,1)="A",RIGHT(A23,1)="T"),"A/T","G/C") -> G/C | C23: 1.034682 | D23: 1.2037545 | E23: 0.49070632 | F23: 0.51752079 | G23: 0.41793973 | H23: 0.46283478 | I23: 0.76668833 | J23: 1.242341 | K23: 1.7633126 | L23: 0.49070632 | M23: 2.018353 | N23: 1.6704955 | O23: 1.6090639 | P23: 0.39546064 | Q23: 0.7876251 | R23: 1.0350585 | S23: 0.95723847 | T23: 2.2699561 | U23: 1.4182496 | V23: 0.84659977 | W23: 0.32473735 | X23: 0.90089474 | Y23: 1.1051922 | Z23: 1.6248377 | AA23: 1.6467848 | AB23: 1.6064423 | AC23: 1.4353908 | AD23: 1.4128015 | AE23: 1.604821 | AF23: 1.6032355
A24: AGG | B24: =IF(OR(RIGHT(A24,1)="A",RIGHT(A24,1)="T"),"A/T","G/C") -> G/C | C24: 0.5749934 | D24: 0.48707785 | E24: 0.63620878 | F24: 0.58369413 | G24: 0.22083348 | H24: 0.59569674 | I24: 0.32291667 | J24: 0.83352296 | K24: 0.9292184 | L24: 0.63620878 | M24: 0.47153372 | N24: 0.11825465 | O24: 1.2335059 | P24: 0.50975306 | Q24: 0.24020306 | R24: 0.70199645 | S24: 0.50693536 | T24: 0.3270601 | U24: 0.15049934 | V24: 0.19781308 | W24: 0.39143533 | X24: 0.20327544 | Y24: 0.060180338 | Z24: 0.19574369 | AA24: 0.20042869 | AB24: 0.25905899 | AC24: 1.1964193 | AD24: 1.2143534 | AE24: 1.208372 | AF24: 1.2079256
A25: AGT | B25: =IF(OR(RIGHT(A25,1)="A",RIGHT(A25,1)="T"),"A/T","G/C") -> A/T | C25: 1.197236 | D25: 0.66554503 | E25: 1.8811042 | F25: 1.7464985 | G25: 1.5965562 | H25: 1.8204617 | I25: 1.4540227 | J25: 0.49089058 | K25: 0.57562415 | L25: 1.8811042 | M25: 0.19554541 | N25: 0.9021513 | O25: 0.68506088 | P25: 1.5992844 | Q25: 1.6077296 | R25: 1.1535039 | S25: 1.254657 | T25: 0.80542419 | U25: 1.0685248 | V25: 1.2730417 | W25: 1.8883886 | X25: 1.3710078 | Y25: 1.2478642 | Z25: 0.64817833 | AA25: 0.6601586 | AB25: 0.28282774 | AC25: 0.92346384 | AD25: 0.93824381 | AE25: 0.80201005 | AF25: 0.80786687
... A75: TTT | B75: =IF(OR(RIGHT(A75,1)="A",RIGHT(A75,1)="T"),"A/T","G/C") -> A/T | C75: 1.3049365 | D75: 1.2750498 | E75: 1.6992623 | F75: 1.6115098 | G75: 1.4933101 | H75: 1.6435451 | I75: 1.2779976 | J75: 0.90606045 | K75: 1.2441648 | L75: 1.6992623 | M75: 0.5766491 | N75: 1.1465698 | O75: 1.2258786 | P75: 1.7178392 | Q75: 1.3528005 | R75: 1.3609676 | S75: 1.3806403 | T75: 1.1244314 | U75: 1.3999162 | V75: 1.4416388 | W75: 1.6897588 | X75: 1.2577514 | Y75: 1.520108 | Z75: 0.70626695 | AA75: 0.71760326 | AB75: 1.0089725 | AC75: 0.93328604 | AD75: 0.95309771 | AE75: 0.82910161 | AF75: 0.82559922
A76: AT3 | C76: =AVERAGEIF($B14:$B75,"A/T",C14:C75) -> 1.1500348 | D76: =AVERAGEIF($B14:$B75,"A/T",D14:D75) -> 1.2509115 | E76: =AVERAGEIF($B14:$B75,"A/T",E14:E75) -> 1.7197577 | F76: =AVERAGEIF($B14:$B75,"A/T",F14:F75) -> 1.6989296 | G76: =AVERAGEIF($B14:$B75,"A/T",G14:G75) -> 1.5096558 | H76: =AVERAGEIF($B14:$B75,"A/T",H14:H75) -> 1.7084742 | I76: =AVERAGEIF($B14:$B75,"A/T",I14:I75) -> 1.4279897 | J76: =AVERAGEIF($B14:$B75,"A/T",J14:J75) -> 0.76655069 | ... AF76: =AVERAGEIF($B14:$B75,"A/T",AF14:AF75) -> 0.68045617
A77: GC3 | C77: =AVERAGEIF($B14:$B75,"G/C",C14:C75) -> 0.83996285 | D77: =AVERAGEIF($B14:$B75,"G/C",D14:D75) -> 0.73236104 | E77: =AVERAGEIF($B14:$B75,"G/C",E14:E75) -> 0.2322585 | F77: =AVERAGEIF($B14:$B75,"G/C",F14:F75) -> 0.25447514 | G77: =AVERAGEIF($B14:$B75,"G/C",G14:G75) -> 0.45636711 | H77: =AVERAGEIF($B14:$B75,"G/C",H14:H75) -> 0.24429415 | I77: =AVERAGEIF($B14:$B75,"G/C",I14:I75) -> 0.54347763 | J77: =AVERAGEIF($B14:$B75,"G/C",J14:J75) -> 1.2490126 | ... AF77: =AVERAGEIF($B14:$B75,"G/C",AF14:AF75) -> 1.2408467

Sheet 脯氨酸
B1: H_CE_GCA_900474605.1 | C1: H_CE_GCA_021412605.1 | D1: H_CE_GCA_020138775.1 | E1: H_CE_GCA_013046825.1 | F1: H_CE_GCA_012317385.1 | G1: H_CE_GCA_009695655.1 | H1: H_GCA_003703885.1 | I1: H_CE_GCA_025149785.1 | J1: H_CE_GCA_900163975.1 | K1: H_CE_GCA_022846095.1 | L1: H_CE_GCA_022846015.1 | M1: H_CE_GCA_020892115.1 | N1: H_CE_GCA_000005845.2 | O1: H_CE_GCA_022845955.1 | P1: W_CE_GCA_034174805.1 | Q1: W_CE_GCA_025311515.1 | R1: W_CE_GCA_014898655.1 | S1: W_CE_GCA_013267695.1 | T1: W_CE_GCA_003019315.1 | U1: W_CE_GCA_000194115.1 | V1: W_CE_GCA_900103425.1 | W1: W_CE_GCA_025264445.1 | X1: W_CE_GCA_025148125.1 | Y1: W_CE_GCA_025147765.1 | Z1: W_CE_GCA_023497905.1 | AA1: W_CE_GCA_003010495.1 | AB1: W_CE_GCA_003006415.1 | AC1: W_CE_GCA_002736145.1 | AD1: H6_PBMC | AE1: H7_PBMC | AF1: W10_PBMC | AG1: W6_PBMC
A2: CCA | B2: 1.9542064 | C2: 2.3392844 | D2: 2.1193108 | E2: 1.9913629 | F2: 2.1732382 | G2: 1.7866128 | H2: 1.9767471 | I2: 0.99178366 | J2: 0.52811284 | K2: 0.10962448 | L2: 0.37846012 | M2: 0.83909357 | N2: 0.76132849 | O2: 0.26381221 | P2: 1.8353655 | Q2: 1.9514593 | R2: 1.764237 | S2: 2.1839739 | T2: 2.1387604 | U2: 2.1478106 | V2: 0.82170458 | W2: 1.260244 | X2: 0.91507376 | Y2: 1.1458589 | Z2: 0.28017563 | AA2: 0.25225619 | AB2: 0.25769921 | AC2: 0.17928186 | AD2: 1.0458652 | AE2: 1.0701497 | AF2: 0.93597447 | AG2: 0.93617498
A3: CCC | B3: 0.24233539 | C3: 0.070804528 | D3: 0.08810143 | E3: 0.25366689 | F3: 0.055084556 | G3: 0.30043155 | H3: 0.35513466 | I3: 0.16756162 | J3: 1.3142996 | K3: 2.6439247 | L3: 0.87513972 | M3: 0.58837675 | N3: 0.49272374 | O3: 1.1907606 | P3: 0.13866737 | Q3: 0.35617 | R3: 0.41732353 | S3: 0.18106004 | T3: 0.078445883 | U3: 0.18922132 | V3: 0.42422582 | W3: 0.28213951 | X3: 0.42873561 | Y3: 0.1886418 | Z3: 0.6678817 | AA3: 1.079476 | AB3: 1.0671178 | AC3: 1.8305011 | AD3: 1.2837612 | AE3: 1.2542041 | AF3: 1.4269423 | AG3: 1.4299344
A4: CCG | B4: 0.54365918 | C4: 0.1628808 | D4: 0.053803641 | E4: 0.56024589 | F4: 0.17709595 | G4: 0.22054908 | H4: 0.62740456 | I4: 2.2775442 | J4: 1.311965 | K4: 1.0704388 | L4: 2.1125649 | M4: 1.7461384 | N4: 2.1174005 | O4: 1.6193302 | P4: 0.2628353 | Q4: 0.77788018 | R4: 1.0764326 | S4: 0.45174579 | T4: 0.05106383 | U4: 0.34713691 | V4: 1.9053987 | W4: 1.6857992 | X4: 1.6368881 | Y4: 1.9480535 | Z4: 1.9065529 | AA4: 2.074818 | AB4: 2.0789946 | AC4: 1.5554187 | AD4: 0.52373521 | AE4: 0.51860317 | AF4: 0.60059991 | AG4: 0.60686513
A5: CCT | B5: 1.2597991 | C5: 1.4270303 | D5: 1.7387841 | E5: 1.1947244 | F5: 1.5945813 | G5: 1.6924066 | H5: 1.0407137 | I5: 0.56311057 | J5: 0.84562257 | K5: 0.17601198 | L5: 0.63383523 | M5: 0.82639124 | N5: 0.62854728 | O5: 0.92609703 | P5: 1.7631319 | Q5: 0.91449053 | R5: 0.74200691 | S5: 1.1832203 | T5: 1.7317299 | U5: 1.3158312 | V5: 0.84867087 | W5: 0.77181733 | X5: 1.0193025 | Y5: 0.71744586 | Z5: 1.1453898 | AA5: 0.59344978 | AB5: 0.59618837 | AC5: 0.43479836 | AD5: 1.1466384 | AE5: 1.1570431 | AF5: 1.0364833 | AG5: 1.0270255
A6: AT3 | B6: 1.6070027 | C6: 1.8831573 | D6: 1.9290475 | E6: 1.5930436 | F6: 1.8839097 | G6: 1.7395097 | H6: 1.5087304 | I6: 0.77744711 | J6: 0.6868677 | K6: 0.14281823 | L6: 0.50614768 | M6: 0.83274241 | N6: 0.69493789 | O6: 0.59495462 | P6: 1.7992487 | Q6: 1.4329749 | R6: 1.253122 | S6: 1.6835971 | T6: 1.9352451 | U6: 1.7318209 | V6: 0.83518772 | W6: 1.0160307 | X6: 0.96718812 | Y6: 0.93165237 | Z6: 0.7127827 | AA6: 0.42285298 | AB6: 0.42694379 | AC6: 0.30704011 | AD6: 1.0962518 | AE6: 1.1135964 | AF6: 0.98622891 | AG6: 0.98160025
A7: GC3 | B7: 0.39299728 | C7: 0.11684266 | D7: 0.070952535 | E7: 0.40695639 | F7: 0.11609025 | G7: 0.26049031 | H7: 0.49126961 | I7: 1.2225529 | J7: 1.3131323 | K7: 1.8571818 | L7: 1.4938523 | M7: 1.1672576 | N7: 1.3050621 | O7: 1.4050454 | P7: 0.20075134 | Q7: 0.56702509 | R7: 0.74687804 | S7: 0.31640291 | T7: 0.064754856 | U7: 0.26817912 | V7: 1.1648123 | W7: 0.98396935 | X7: 1.0328119 | Y7: 1.0683476 | Z7: 1.2872173 | AA7: 1.577147 | AB7: 1.5730562 | AC7: 1.6929599 | AD7: 0.90374823 | AE7: 0.88640363 | AF7: 1.0137711 | AG7: 1.0183998
A8: allAA_AT3 | B8: 1.4138069 | C8: 1.7197577 | D8: 1.6989296 | E8: 1.5096558 | F8: 1.7084742 | G8: 1.4279897 | H8: 0.7168454 | I8: 1.1500348 | J8: 0.76655069 | K8: 0.29372803 | L8: 0.79976534 | M8: 0.92000512 | N8: 0.9089904 | O8: 0.87471586 | P8: 1.6900434 | Q8: 1.294389 | R8: 0.97840061 | S8: 1.4180846 | T8: 1.7174321 | U8: 1.35846 | V8: 1.0261746 | W8: 1.2348929 | X8: 1.2039935 | Y8: 1.2308953 | Z8: 0.95884198 | AA8: 0.65751558 | AB8: 0.66405032 | AC8: 0.47886589 | AD8: 0.78361957 | AE8: 0.80302758 | AF8: 0.68292307 | AG8: 0.68045617
A9: allAA_GC3 | B9: 0.55860602 | C9: 0.2322585 | D9: 0.25447514 | E9: 0.45636711 | F9: 0.24429415 | G9: 0.54347763 | H9: 0.33536491 | I9: 0.83996285 | J9: 1.2490126 | K9: 1.7533568 | L9: 1.2135836 | M9: 1.0853279 | N9: 1.0970769 | O9: 1.1336364 | P9: 0.26395375 | Q9: 0.68598507 | R9: 1.0230393 | S9: 0.55404309 | T9: 0.23473906 | U9: 0.61764266 | V9: 0.97208042 | W9: 0.7494476 | X9: 0.78240694 | Y9: 0.75371173 | Z9: 1.0439019 | AA9: 1.3653167 | AB9: 1.3583463 | AC9: 1.5558764 | AD9: 1.1308058 | AE9: 1.1101039 | AF9: 1.2382154 | AG9: 1.2408467

Sheet Pro
C1: ASV1555 | D1: ASV54 | E1: ASV30 | F1: ASV73 | G1: ASV9 | H1: ASV17 | I1: ASV31 | J1: ASV8 | K1: ASV4 | L1: ASV3787 | M1: ASV28 | N1: ASV21 | O1: ASV45 | P1: ASV1834 | Q1: ASV1089 | R1: ASV1527 | S1: ASV22 | T1: ASV1515 | U1: ASV2874 | V1: ASV2 | W1: ASV3058 | X1: ASV2839 | Y1: ASV38 | Z1: ASV48 | AA1: ASV2860 | AB1: ASV3402 | AC1: ASV1540 | AD1: ASV167
C2: H_CE_GCA_900474605.1 | D2: H_CE_GCA_021412605.1 | E2: H_CE_GCA_020138775.1 | F2: H_CE_GCA_013046825.1 | G2: H_CE_GCA_012317385.1 | H2: H_CE_GCA_009695655.1 | I2: H_GCA_003703885.1 | J2: H_CE_GCA_025149785.1 | K2: H_CE_GCA_900163975.1 | L2: H_CE_GCA_022846095.1 | M2: H_CE_GCA_022846015.1 | N2: H_CE_GCA_020892115.1 | O2: H_CE_GCA_000005845.2 | P2: H_CE_GCA_022845955.1 | Q2: W_CE_GCA_034174805.1 | R2: W_CE_GCA_025311515.1 | S2: W_CE_GCA_014898655.1 | T2: W_CE_GCA_013267695.1 | U2: W_CE_GCA_003019315.1 | V2: W_CE_GCA_000194115.1 | W2: W_CE_GCA_900103425.1 | X2: W_CE_GCA_025264445.1 | Y2: W_CE_GCA_025148125.1 | Z2: W_CE_GCA_025147765.1 | AA2: W_CE_GCA_023497905.1 | AB2: W_CE_GCA_003010495.1 | AC2: W_CE_GCA_003006415.1 | AD2: W_CE_GCA_002736145.1 | AE2: H6_PBMC | AF2: H7_PBMC | AG2: W10_PBMC | AH2: W6_PBMC
A3: CCA | B3: =IF(OR(RIGHT(A3,1)="A",RIGHT(A3,1)="T"),"A/T","G/C") -> A/T | C3: =HLOOKUP(C$1,全部菌密码子mean!$1:$1,23,FALSE) -> #N/A | D3: =HLOOKUP(D$1,全部菌密码子mean!$1:$1,23,FALSE) -> #N/A | E3: =HLOOKUP(E$1,全部菌密码子mean!$1:$1,23,FALSE) -> #N/A | F3: =HLOOKUP(F$1,全部菌密码子mean!$1:$1,23,FALSE) -> #N/A | G3: =HLOOKUP(G$1,全部菌密码子mean!$1:$1,23,FALSE) -> #N/A | H3: =HLOOKUP(H$1,全部菌密码子mean!$1:$1,23,FALSE) -> #N/A | I3: =HLOOKUP(I$1,全部菌密码子mean!$1:$1,23,FALSE) -> #N/A | J3: =HLOOKUP(J$1,全部菌密码子mean!$1:$1,23,FALSE) -> #N/A | ... AD3: =HLOOKUP(AD$1,全部菌密码子mean!$1:$1,23,FALSE) -> #N/A | AE3: 1.0458652 | AF3: 1.0701497 | AG3: 0.93597447 | AH3: 0.93617498
A4: CCC | B4: =IF(OR(RIGHT(A4,1)="A",RIGHT(A4,1)="T"),"A/T","G/C") -> G/C | C4: =HLOOKUP(C$1,全部菌密码子mean!$1:$1,24,FALSE) -> #N/A | D4: =HLOOKUP(D$1,全部菌密码子mean!$1:$1,24,FALSE) -> #N/A | E4: =HLOOKUP(E$1,全部菌密码子mean!$1:$1,24,FALSE) -> #N/A | F4: =HLOOKUP(F$1,全部菌密码子mean!$1:$1,24,FALSE) -> #N/A | G4: =HLOOKUP(G$1,全部菌密码子mean!$1:$1,24,FALSE) -> #N/A | H4: =HLOOKUP(H$1,全部菌密码子mean!$1:$1,24,FALSE) -> #N/A | I4: =HLOOKUP(I$1,全部菌密码子mean!$1:$1,24,FALSE) -> #N/A | J4: =HLOOKUP(J$1,全部菌密码子mean!$1:$1,24,FALSE) -> #N/A | ... AD4: =HLOOKUP(AD$1,全部菌密码子mean!$1:$1,24,FALSE) -> #N/A | AE4: 1.2837612 | AF4: 1.2542041 | AG4: 1.4269423 | AH4: 1.4299344
A5: CCG | B5: =IF(OR(RIGHT(A5,1)="A",RIGHT(A5,1)="T"),"A/T","G/C") -> G/C | C5: =HLOOKUP(C$1,全部菌密码子mean!$1:$1,25,FALSE) -> #N/A | D5: =HLOOKUP(D$1,全部菌密码子mean!$1:$1,25,FALSE) -> #N/A | E5: =HLOOKUP(E$1,全部菌密码子mean!$1:$1,25,FALSE) -> #N/A | F5: =HLOOKUP(F$1,全部菌密码子mean!$1:$1,25,FALSE) -> #N/A | G5: =HLOOKUP(G$1,全部菌密码子mean!$1:$1,25,FALSE) -> #N/A | H5: =HLOOKUP(H$1,全部菌密码子mean!$1:$1,25,FALSE) -> #N/A | I5: =HLOOKUP(I$1,全部菌密码子mean!$1:$1,25,FALSE) -> #N/A | J5: =HLOOKUP(J$1,全部菌密码子mean!$1:$1,25,FALSE) -> #N/A | ... AD5: =HLOOKUP(AD$1,全部菌密码子mean!$1:$1,25,FALSE) -> #N/A | AE5: 0.52373521 | AF5: 0.51860317 | AG5: 0.60059991 | AH5: 0.60686513
A6: CCT | B6: =IF(OR(RIGHT(A6,1)="A",RIGHT(A6,1)="T"),"A/T","G/C") -> A/T | C6: =HLOOKUP(C$1,全部菌密码子mean!$1:$1,26,FALSE) -> #N/A | D6: =HLOOKUP(D$1,全部菌密码子mean!$1:$1,26,FALSE) -> #N/A | E6: =HLOOKUP(E$1,全部菌密码子mean!$1:$1,26,FALSE) -> #N/A | F6: =HLOOKUP(F$1,全部菌密码子mean!$1:$1,26,FALSE) -> #N/A | G6: =HLOOKUP(G$1,全部菌密码子mean!$1:$1,26,FALSE) -> #N/A | H6: =HLOOKUP(H$1,全部菌密码子mean!$1:$1,26,FALSE) -> #N/A | I6: =HLOOKUP(I$1,全部菌密码子mean!$1:$1,26,FALSE) -> #N/A | J6: =HLOOKUP(J$1,全部菌密码子mean!$1:$1,26,FALSE) -> #N/A | ... AD6: =HLOOKUP(AD$1,全部菌密码子mean!$1:$1,26,FALSE) -> #N/A | AE6: 1.1466384 | AF6: 1.1570431 | AG6: 1.0364833 | AH6: 1.0270255
A7: AT3 | C7: =AVERAGEIF($B3:$B6,"A/T",C3:C6) -> #N/A | D7: =AVERAGEIF($B3:$B6,"A/T",D3:D6) -> #N/A | E7: =AVERAGEIF($B3:$B6,"A/T",E3:E6) -> #N/A | F7: =AVERAGEIF($B3:$B6,"A/T",F3:F6) -> #N/A | G7: =AVERAGEIF($B3:$B6,"A/T",G3:G6) -> #N/A | H7: =AVERAGEIF($B3:$B6,"A/T",H3:H6) -> #N/A | I7: =AVERAGEIF($B3:$B6,"A/T",I3:I6) -> #N/A | J7: =AVERAGEIF($B3:$B6,"A/T",J3:J6) -> #N/A | ... AH7: =AVERAGEIF($B3:$B6,"A/T",AH3:AH6) -> 0.98160025
A8: GC3 | C8: =AVERAGEIF($B3:$B6,"G/C",C3:C6) -> #N/A | D8: =AVERAGEIF($B3:$B6,"G/C",D3:D6) -> #N/A | E8: =AVERAGEIF($B3:$B6,"G/C",E3:E6) -> #N/A | F8: =AVERAGEIF($B3:$B6,"G/C",F3:F6) -> #N/A | G8: =AVERAGEIF($B3:$B6,"G/C",G3:G6) -> #N/A | H8: =AVERAGEIF($B3:$B6,"G/C",H3:H6) -> #N/A | I8: =AVERAGEIF($B3:$B6,"G/C",I3:I6) -> #N/A | J8: =AVERAGEIF($B3:$B6,"G/C",J3:J6) -> #N/A | ... AH8: =AVERAGEIF($B3:$B6,"G/C",AH3:AH6) -> 1.0183998
C10: H_CE_GCA_900474605.1 | D10: H_CE_GCA_021412605.1 | E10: H_CE_GCA_020138775.1 | F10: H_CE_GCA_013046825.1 | G10: H_CE_GCA_012317385.1 | H10: H_CE_GCA_009695655.1 | I10: GCA_003703885.1 | J10: H_CE_GCA_025149785.1 | K10: H_CE_GCA_900163975.1 | L10: H_CE_GCA_022846095.1 | M10: H_CE_GCA_022846015.1 | N10: H_CE_GCA_020892115.1 | O10: H_CE_GCA_000005845.2 | P10: H_CE_GCA_022845955.1 | Q10: W_CE_GCA_034174805.1 | R10: W_CE_GCA_025311515.1 | S10: W_CE_GCA_014898655.1 | T10: W_CE_GCA_013267695.1 | U10: W_CE_GCA_003019315.1 | V10: W_CE_GCA_000194115.1 | W10: W_CE_GCA_900103425.1 | X10: W_CE_GCA_025264445.1 | Y10: W_CE_GCA_025148125.1 | Z10: W_CE_GCA_025147765.1 | AA10: W_CE_GCA_023497905.1 | AB10: W_CE_GCA_003010495.1 | AC10: W_CE_GCA_003006415.1 | AD10: W_CE_GCA_002736145.1 | AE10: H6_PBMC | AF10: H7_PBMC | AG10: W10_PBMC | AH10: W6_PBMC
A11: AAA | B11: =IF(OR(RIGHT(A11,1)="A",RIGHT(A11,1)="T"),"A/T","G/C") -> A/T | C11: 1.552149 | D11: 1.4183298 | E11: 1.3844375 | F11: 1.5591946 | G11: 1.5187491 | H11: 1.1003009 | I11: 1.0956245 | J11: 1.2088429 | K11: 1.0443849 | L11: 0.45727555 | M11: 1.1158873 | N11: 0.86034145 | O11: 1.5344933 | P11: 1.1190215 | Q11: 1.6843118 | R11: 0.8443391 | S11: 0.8899004 | T11: 1.5970184 | U11: 1.6205278 | V11: 0.94544423 | W11: 0.88084687 | X11: 1.7985108 | Y11: 1.2745115 | Z11: 1.3642961 | AA11: 0.92982259 | AB11: 1.0705512 | AC11: 1.0685378 | AD11: 0.32621684 | AE11: 0.82420333 | AF11: 0.84761225 | AG11: 0.72913694 | AH11: 0.72889925
A12: AAC | B12: =IF(OR(RIGHT(A12,1)="A",RIGHT(A12,1)="T"),"A/T","G/C") -> G/C | C12: 0.44187311 | D12: 0.2615033 | E12: 0.34829941 | F12: 0.41820066 | G12: 0.33113056 | H12: 0.44965649 | I12: 0 | J12: 0.66831659 | K12: 0.95215697 | L12: 1.6368538 | M12: 1.0548613 | N12: 0.74777448 | O12: 1.1056573 | P12: 0.83726107 | Q12: 0.26299282 | R12: 0.76651457 | S12: 0.9463945 | T12: 0.5642554 | U12: 0.30417004 | V12: 0.83513347 | W12: 0.71951558 | X12: 0.57416653 | Y12: 0.65698822 | Z12: 0.63390209 | AA12: 0.9635142 | AB12: 1.0558359 | AC12: 1.0367471 | AD12: 1.5653435 | AE12: 1.0953025 | AF12: 1.0755309 | AG12: 1.2093849 | AH12: 1.2117844
A13: AAG | B13: =IF(OR(RIGHT(A13,1)="A",RIGHT(A13,1)="T"),"A/T","G/C") -> G/C | C13: 0.44785105 | D13: 0.58167015 | E13: 0.61556252 | F13: 0.44080537 | G13: 0.48125091 | H13: 0.8996991 | I13: 0.90437554 | J13: 0.79115708 | K13: 0.95561514 | L13: 1.5427245 | M13: 0.8841127 | N13: 1.1396586 | O13: 0.4655067 | P13: 0.88097848 | Q13: 0.31568819 | R13: 1.1556609 | S13: 1.1100996 | T13: 0.4029816 | U13: 0.37947216 | V13: 1.0545558 | W13: 1.1191531 | X13: 0.2014892 | Y13: 0.72548854 | Z13: 0.63570392 | AA13: 1.0701774 | AB13: 0.92944883 | AC13: 0.93146217 | AD13: 1.6737832 | AE13: 1.1757967 | AF13: 1.1523878 | AG13: 1.2708631 | AH13: 1.2711007
A14: AAT | B14: =IF(OR(RIGHT(A14,1)="A",RIGHT(A14,1)="T"),"A/T","G/C") -> A/T | C14: 1.5581269 | D14: 1.7384967 | E14: 1.6517006 | F14: 1.5817993 | G14: 1.6688694 | H14: 1.5503435 | I14: 0 | J14: 1.3316834 | K14: 1.047843 | L14: 0.36314621 | M14: 0.94513874 | N14: 1.2522255 | O14: 0.89434271 | P14: 1.1627389 | Q14: 1.7370072 | R14: 1.2334854 | S14: 1.0536055 | T14: 1.4357446 | U14: 1.69583 | V14: 1.1648665 | W14: 1.2804844 | X14: 1.4258335 | Y14: 1.3430118 | Z14: 1.3660979 | AA14: 1.0364858 | AB14: 0.9441641 | AC14: 0.9632529 | AD14: 0.43465653 | AE14: 0.90469753 | AF14: 0.92446909 | AG14: 0.79061514 | AH14: 0.78821564
A15: ACA | B15: =IF(OR(RIGHT(A15,1)="A",RIGHT(A15,1)="T"),"A/T","G/C") -> A/T | C15: 1.2742812 | D15: 1.8077399 | E15: 1.6724142 | F15: 1.7010858 | G15: 1.7933592 | H15: 2.2324906 | I15: 0 | J15: 1.695286 | K15: 0.82251533 | L15: 0.21643251 | M15: 0.79379342 | N15: 1.0441376 | O15: 0.51469138 | P15: 0.87104425 | Q15: 1.972937 | R15: 0.97127704 | S15: 0.36462414 | T15: 1.7040754 | U15: 1.7680812 | V15: 0.7603421 | W15: 1.0422389 | X15: 0.78504673 | Y15: 1.8431514 | Z15: 1.8813726 | AA15: 0.77867461 | AB15: 0.50972855 | AC15: 0.51982011 | AD15: 0.2060243 | AE15: 1.075281 | AF15: 1.097374 | AG15: 0.95089291 | AH15: 0.94136558
A16: ACC | B16: =IF(OR(RIGHT(A16,1)="A",RIGHT(A16,1)="T"),"A/T","G/C") -> G/C | C16: 0.76117119 | D16: 0.14512864 | E16: 0.25379995 | F16: 0.45786628 | G16: 0.12223404 | H16: 0.35337741 | I16: 0 | J16: 0.89875482 | K16: 1.3480238 | L16: 2.8040785 | M16: 0.92791865 | N16: 1.1443052 | O16: 1.7506286 | P16: 1.6153628 | Q16: 0.16483179 | R16: 0.89344707 | S16: 1.1420238 | T16: 0.53819373 | U16: 0.12168678 | V16: 0.7357618 | W16: 1.5702854 | X16: 1.4485119 | Y16: 0.80768374 | Z16: 0.71101927 | AA16: 1.4469099 | AB16: 1.3097075 | AC16: 1.3025976 | AD16: 2.0034393 | AE16: 1.4166976 | AF16: 1.3920074 | AG16: 1.578409 | AH16: 1.5754043
A17: ACG | B17: =IF(OR(RIGHT(A17,1)="A",RIGHT(A17,1)="T"),"A/T","G/C") -> G/C | C17: 0.78259035 | D17: 0.11871302 | E17: 0.060896423 | F17: 0.91863379 | G17: 0.16386877 | H17: 0.46363283 | I17: 0 | J17: 0.73897278 | K17: 1.2650393 | L17: 0.83626771 | M17: 1.9430625 | N17: 1.2672999 | O17: 1.0725052 | P17: 1.096354 | Q17: 0.14669893 | R17: 0.63043548 | S17: 1.6469848 | T17: 0.64233054 | U17: 0.041343669 | V17: 0.50490972 | W17: 0.65559935 | X17: 0.77239396 | Y17: 0.46648107 | Z17: 0.62132042 | AA17: 0.78165302 | AB17: 1.7868934 | AC17: 1.7919442 | AD17: 1.5072946 | AE17: 0.55933646 | AF17: 0.53974269 | AG17: 0.64597244 | AH17: 0.66047694
A18: ACT | B18: =IF(OR(RIGHT(A18,1)="A",RIGHT(A18,1)="T"),"A/T","G/C") -> A/T | C18: 1.1819573 | D18: 1.9284184 | E18: 2.0128894 | F18: 0.92241417 | G18: 1.920538 | H18: 0.95049916 | I18: 0 | J18: 0.66698643 | K18: 0.56442162 | L18: 0.14322129 | M18: 0.3352254 | N18: 0.54425732 | O18: 0.66217474 | P18: 0.41723894 | Q18: 1.7155322 | R18: 1.5048404 | S18: 0.8463672 | T18: 1.1154004 | U18: 2.0688884 | V18: 1.9989864 | W18: 0.73187627 | X18: 0.99404745 | Y18: 0.88268374 | Z18: 0.78628773 | AA18: 0.99276247 | AB18: 0.39367052 | AC18: 0.3856381 | AD18: 0.2832418 | AE18: 0.94868493 | AF18: 0.97087592 | AG18: 0.82472566 | AH18: 0.82275323
A19: AGA | B19: =IF(OR(RIGHT(A19,1)="A",RIGHT(A19,1)="T"),"A/T","G/C") -> A/T | C19: 1.1081948 | D19: 4.9301618 | E19: 5.1465397 | F19: 1.0592135 | G19: 4.9494198 | H19: 2.1507092 | I19: 0.46743804 | J19: 1.9790772 | K19: 0.76583682 | L19: 0.13977768 | M19: 0.56284348 | N19: 1.4813218 | O19: 0.21333008 | P19: 1.0439228 | Q19: 5.0807683 | R19: 0.43845743 | S19: 0.42386003 | T19: 0.69197442 | U19: 5.3436626 | V19: 1.7803473 | W19: 1.3217935 | X19: 0.41943872 | Y19: 2.1077663 | Z19: 2.038995 | AA19: 0.79962936 | AB19: 0.24292563 | AC19: 0.24602622 | AD19: 0.090549592 | AE19: 1.214156 | AF19: 1.2785368 | AG19: 1.0274827 | AH19: 1.0239431
A20: AGC | B20: =IF(OR(RIGHT(A20,1)="A",RIGHT(A20,1)="T"),"A/T","G/C") -> G/C | C20: 0.70701701 | D20: 0.49070632 | E20: 0.51752079 | F20: 0.41793973 | G20: 0.46283478 | H20: 0.76668833 | I20: 0 | J20: 1.034682 | K20: 1.242341 | L20: 2.018353 | M20: 1.7633126 | N20: 1.5822501 | O20: 1.6704955 | P20: 1.6090639 | Q20: 0.39546064 | R20: 0.7876251 | S20: 1.4182496 | T20: 0.84659977 | U20: 0.32473735 | V20: 0.90089474 | W20: 1.0489909 | X20: 1.1051922 | Y20: 1.0350585 | Z20: 0.95723847 | AA20: 2.2699561 | AB20: 1.6248377 | AC20: 1.6467848 | AD20: 1.6064423 | AE20: 1.4353908 | AF20: 1.4128015 | AG20: 1.604821 | AH20: 1.6032355
A21: AGG | B21: =IF(OR(RIGHT(A21,1)="A",RIGHT(A21,1)="T"),"A/T","G/C") -> G/C | C21: 0.21027515 | D21: 0.63620878 | E21: 0.58369413 | F21: 0.22083348 | G21: 0.59569674 | H21: 0.32291667 | I21: 0.20944414 | J21: 0.5749934 | K21: 0.83352296 | L21: 0.47153372 | M21: 0.9292184 | N21: 1.3433801 | O21: 0.11825465 | P21: 1.2335059 | Q21: 0.50975306 | R21: 0.24020306 | S21: 0.15049934 | T21: 0.19781308 | U21: 0.39143533 | V21: 0.20327544 | W21: 0.59285972 | X21: 0.060180338 | Y21: 0.70199645 | Z21: 0.50693536 | AA21: 0.3270601 | AB21: 0.19574369 | AC21: 0.20042869 | AD21: 0.25905899 | AE21: 1.1964193 | AF21: 1.2143534 | AG21: 1.208372 | AH21: 1.2079256
A22: AGT | B22: =IF(OR(RIGHT(A22,1)="A",RIGHT(A22,1)="T"),"A/T","G/C") -> A/T | C22: 1.7665553 | D22: 1.8811042 | E22: 1.7464985 | F22: 1.5965562 | G22: 1.8204617 | H22: 1.4540227 | I22: 0 | J22: 1.197236 | K22: 0.49089058 | L22: 0.19554541 | M22: 0.57562415 | N22: 0.69048899 | O22: 0.9021513 | P22: 0.68506088 | Q22: 1.5992844 | R22: 1.6077296 | S22: 1.0685248 | T22: 1.2730417 | U22: 1.8883886 | V22: 1.3710078 | W22: 0.77763966 | X22: 1.2478642 | Y22: 1.1535039 | Z22: 1.254657 | AA22: 0.80542419 | AB22: 0.64817833 | AC22: 0.6601586 | AD22: 0.28282774 | AE22: 0.92346384 | AF22: 0.93824381 | AG22: 0.80201005 | AH22: 0.80786687
... A72: TTT | B72: =IF(OR(RIGHT(A72,1)="A",RIGHT(A72,1)="T"),"A/T","G/C") -> A/T | C72: 1.5327527 | D72: 1.6992623 | E72: 1.6115098 | F72: 1.4933101 | G72: 1.6435451 | H72: 1.2779976 | I72: 0 | J72: 1.3049365 | K72: 0.90606045 | L72: 0.5766491 | M72: 1.2441648 | N72: 1.0975777 | O72: 1.1465698 | P72: 1.2258786 | Q72: 1.7178392 | R72: 1.3528005 | S72: 1.3999162 | T72: 1.4416388 | U72: 1.6897588 | V72: 1.2577514 | W72: 1.1331817 | X72: 1.520108 | Y72: 1.3609676 | Z72: 1.3806403 | AA72: 1.1244314 | AB72: 0.70626695 | AC72: 0.71760326 | AD72: 1.0089725 | AE72: 0.93328604 | AF72: 0.95309771 | AG72: 0.82910161 | AH72: 0.82559922
A73: allAA_AT3 | C73: =AVERAGEIF($B11:$B72,"A/T",C11:C72) -> 1.4138069 | D73: =AVERAGEIF($B11:$B72,"A/T",D11:D72) -> 1.7197577 | E73: =AVERAGEIF($B11:$B72,"A/T",E11:E72) -> 1.6989296 | F73: =AVERAGEIF($B11:$B72,"A/T",F11:F72) -> 1.5096558 | G73: =AVERAGEIF($B11:$B72,"A/T",G11:G72) -> 1.7084742 | H73: =AVERAGEIF($B11:$B72,"A/T",H11:H72) -> 1.4279897 | I73: =AVERAGEIF($B11:$B72,"A/T",I11:I72) -> 0.7168454 | J73: =AVERAGEIF($B11:$B72,"A/T",J11:J72) -> 1.1500348 | ... AH73: =AVERAGEIF($B11:$B72,"A/T",AH11:AH72) -> 0.68045617
A74: allAA_GC3 | C74: =AVERAGEIF($B11:$B72,"G/C",C11:C72) -> 0.55860602 | D74: =AVERAGEIF($B11:$B72,"G/C",D11:D72) -> 0.2322585 | E74: =AVERAGEIF($B11:$B72,"G/C",E11:E72) -> 0.25447514 | F74: =AVERAGEIF($B11:$B72,"G/C",F11:F72) -> 0.45636711 | G74: =AVERAGEIF($B11:$B72,"G/C",G11:G72) -> 0.24429415 | H74: =AVERAGEIF($B11:$B72,"G/C",H11:H72) -> 0.54347763 | I74: =AVERAGEIF($B11:$B72,"G/C",I11:I72) -> 0.33536491 | J74: =AVERAGEIF($B11:$B72,"G/C",J11:J72) -> 0.83996285 | ... AH74: =AVERAGEIF($B11:$B72,"G/C",AH11:AH72) -> 1.2408467

Sheet 赖氨酸
B1: H_CE_GCA_025149785.1 | C1: H_CE_GCA_900474605.1 | D1: H_CE_GCA_013046825.1 | E1: H_CE_GCA_012317385.1 | F1: H_CE_GCA_000005845.2 | G1: H_CE_GCA_022846095.1 | H1: H_CE_GCA_003703885.1 | I1: W_CE_GCA_034174805.1 | J1: W_CE_GCA_025264445.1 | K1: W_CE_GCA_025148125.1 | L1: W_CE_GCA_025147765.1 | M1: W_CE_GCA_014982935.1 | N1: W_CE_GCA_013267695.1 | O1: W_CE_GCA_003732525.1 | P1: W_CE_GCA_003019315.1 | Q1: W_CE_GCA_002736145.1 | R1: W_CE_GCA_001908415.1 | S1: W_GCA_000056065.1 | T1: H6_PBMC | U1: H7_PBMC | V1: W10_PBMC | W1: W6_PBMC
A2: AAA | B2: 1.2088429 | C2: 1.552149 | D2: 1.5591946 | E2: 1.5187491 | F2: 1.5344933 | G2: 0.45727555 | H2: 1.0956245 | I2: 1.6843118 | J2: 1.7985108 | K2: 1.2745115 | L2: 1.3642961 | M2: 1.4902614 | N2: 1.5970184 | O2: 1.5278473 | P2: 1.6205278 | Q2: 0.32621684 | R2: 0.51771298 | S2: 0.50928423 | T2: 0.82420333 | U2: 0.84761225 | V2: 0.72913694 | W2: 0.72889925
A3: AAG | B3: 0.79115708 | C3: 0.44785105 | D3: 0.44080537 | E3: 0.48125091 | F3: 0.4655067 | G3: 1.5427245 | H3: 0.90437554 | I3: 0.31568819 | J3: 0.2014892 | K3: 0.72548854 | L3: 0.63570392 | M3: 0.5097386 | N3: 0.4029816 | O3: 0.47215268 | P3: 0.37947216 | Q3: 1.6737832 | R3: 1.482287 | S3: 1.4907158 | T3: 1.1757967 | U3: 1.1523878 | V3: 1.2708631 | W3: 1.2711007
A4: AT3 | B4: 1.2088429 | C4: 1.552149 | D4: 1.5591946 | E4: 1.5187491 | F4: 1.5344933 | G4: 0.45727555 | H4: 1.0956245 | I4: 1.6843118 | J4: 1.7985108 | K4: 1.2745115 | L4: 1.3642961 | M4: 1.4902614 | N4: 1.5970184 | O4: 1.5278473 | P4: 1.6205278 | Q4: 0.32621684 | R4: 0.51771298 | S4: 0.50928423 | T4: 0.82420333 | U4: 0.84761225 | V4: 0.72913694 | W4: 0.72889925
A5: GC3 | B5: 0.79115708 | C5: 0.44785105 | D5: 0.44080537 | E5: 0.48125091 | F5: 0.4655067 | G5: 1.5427245 | H5: 0.90437554 | I5: 0.31568819 | J5: 0.2014892 | K5: 0.72548854 | L5: 0.63570392 | M5: 0.5097386 | N5: 0.4029816 | O5: 0.47215268 | P5: 0.37947216 | Q5: 1.6737832 | R5: 1.482287 | S5: 1.4907158 | T5: 1.1757967 | U5: 1.1523878 | V5: 1.2708631 | W5: 1.2711007
A6: allAA_AT3 | B6: 1.1500348 | C6: 1.4138069 | D6: 1.5096558 | E6: 1.7084742 | F6: 0.9089904 | G6: 0.29372803 | H6: 0.7168454 | I6: 1.6900434 | J6: 1.2348929 | K6: 1.2039935 | L6: 1.2308953 | M6: 1.0424684 | N6: 1.4180846 | O6: 1.3802257 | P6: 1.7174321 | Q6: 0.47886589 | R6: 0.75518654 | S6: 0.73486264 | T6: 0.78361957 | U6: 0.80302758 | V6: 0.68292307 | W6: 0.68045617
A7: allAA_GC3 | B7: 0.83996285 | C7: 0.55860602 | D7: 0.45636711 | E7: 0.24429415 | F7: 1.0970769 | G7: 1.7533568 | H7: 0.33536491 | I7: 0.26395375 | J7: 0.7494476 | K7: 0.78240694 | L7: 0.75371173 | M7: 0.9547004 | N7: 0.55404309 | O7: 0.59442591 | P7: 0.23473906 | Q7: 1.5558764 | R7: 1.2611344 | S7: 1.2828132 | T7: 1.1308058 | U7: 1.1101039 | V7: 1.2382154 | W7: 1.2408467

Sheet Lys
C1: ASV8 | D1: ASV1555 | E1: ASV73 | F1: ASV9 | G1: ASV45 | H1: ASV3787 | I1: ASV31 | J1: ASV1089 | K1: ASV2839 | L1: ASV38 | M1: ASV48 | N1: ASV55 | O1: ASV1515 | P1: ASV2996 | Q1: ASV2874 | R1: ASV167 | S1: ASV77 | T1: ASV1853
C2: H_CE_GCA_025149785.1 | D2: H_CE_GCA_900474605.1 | E2: H_CE_GCA_013046825.1 | F2: H_CE_GCA_012317385.1 | G2: H_CE_GCA_000005845.2 | H2: H_CE_GCA_022846095.1 | I2: H_CE_GCA_003703885.1 | J2: W_CE_GCA_034174805.1 | K2: W_CE_GCA_025264445.1 | L2: W_CE_GCA_025148125.1 | M2: W_CE_GCA_025147765.1 | N2: W_CE_GCA_014982935.1 | O2: W_CE_GCA_013267695.1 | P2: W_CE_GCA_003732525.1 | Q2: W_CE_GCA_003019315.1 | R2: W_CE_GCA_002736145.1 | S2: W_CE_GCA_001908415.1 | T2: W_GCA_000056065.1 | U2: H6_PBMC | V2: H7_PBMC | W2: W10_PBMC | X2: W6_PBMC
A3: AAA | B3: =IF(OR(RIGHT(A3,1)="A",RIGHT(A3,1)="T"),"A/T","G/C") -> A/T | C3: =HLOOKUP(C$1,全部菌密码子mean!1:1,4,FALSE) -> #N/A | D3: =HLOOKUP(D$1,全部菌密码子mean!1:1,4,FALSE) -> #N/A | E3: =HLOOKUP(E$1,全部菌密码子mean!1:1,4,FALSE) -> #N/A | F3: =HLOOKUP(F$1,全部菌密码子mean!1:1,4,FALSE) -> #N/A | G3: =HLOOKUP(G$1,全部菌密码子mean!1:1,4,FALSE) -> #N/A | H3: =HLOOKUP(H$1,全部菌密码子mean!1:1,4,FALSE) -> #N/A | I3: =HLOOKUP(I$1,全部菌密码子mean!1:1,4,FALSE) -> #N/A | J3: =HLOOKUP(J$1,全部菌密码子mean!1:1,4,FALSE) -> #N/A | ... T3: =HLOOKUP(T$1,全部菌密码子mean!1:1,4,FALSE) -> #N/A | U3: 0.82420333 | V3: 0.84761225 | W3: 0.72913694 | X3: 0.72889925
A4: AAG | B4: =IF(OR(RIGHT(A4,1)="A",RIGHT(A4,1)="T"),"A/T","G/C") -> G/C | C4: =HLOOKUP(C$1,全部菌密码子mean!$1:$1,6,FALSE) -> #N/A | D4: =HLOOKUP(D$1,全部菌密码子mean!$1:$1,6,FALSE) -> #N/A | E4: =HLOOKUP(E$1,全部菌密码子mean!$1:$1,6,FALSE) -> #N/A | F4: =HLOOKUP(F$1,全部菌密码子mean!$1:$1,6,FALSE) -> #N/A | G4: =HLOOKUP(G$1,全部菌密码子mean!$1:$1,6,FALSE) -> #N/A | H4: =HLOOKUP(H$1,全部菌密码子mean!$1:$1,6,FALSE) -> #N/A | I4: =HLOOKUP(I$1,全部菌密码子mean!$1:$1,6,FALSE) -> #N/A | J4: =HLOOKUP(J$1,全部菌密码子mean!$1:$1,6,FALSE) -> #N/A | ... T4: =HLOOKUP(T$1,全部菌密码子mean!$1:$1,6,FALSE) -> #N/A | U4: 1.1757967 | V4: 1.1523878 | W4: 1.2708631 | X4: 1.2711007
A5: AT3 | C5: =AVERAGEIF($B3:$B4,"A/T",C3:C4) -> #N/A | D5: =AVERAGEIF($B3:$B4,"A/T",D3:D4) -> #N/A | E5: =AVERAGEIF($B3:$B4,"A/T",E3:E4) -> #N/A | F5: =AVERAGEIF($B3:$B4,"A/T",F3:F4) -> #N/A | G5: =AVERAGEIF($B3:$B4,"A/T",G3:G4) -> #N/A | H5: =AVERAGEIF($B3:$B4,"A/T",H3:H4) -> #N/A | I5: =AVERAGEIF($B3:$B4,"A/T",I3:I4) -> #N/A | J5: =AVERAGEIF($B3:$B4,"A/T",J3:J4) -> #N/A | ... X5: =AVERAGEIF($B3:$B4,"A/T",X3:X4) -> 0.72889925
A6: GC3 | C6: =AVERAGEIF($B3:$B4,"G/C",C3:C4) -> #N/A | D6: =AVERAGEIF($B3:$B4,"G/C",D3:D4) -> #N/A | E6: =AVERAGEIF($B3:$B4,"G/C",E3:E4) -> #N/A | F6: =AVERAGEIF($B3:$B4,"G/C",F3:F4) -> #N/A | G6: =AVERAGEIF($B3:$B4,"G/C",G3:G4) -> #N/A | H6: =AVERAGEIF($B3:$B4,"G/C",H3:H4) -> #N/A | I6: =AVERAGEIF($B3:$B4,"G/C",I3:I4) -> #N/A | J6: =AVERAGEIF($B3:$B4,"G/C",J3:J4) -> #N/A | ... X6: =AVERAGEIF($B3:$B4,"G/C",X3:X4) -> 1.2711007
C8: ASV8 | D8: ASV1555 | E8: ASV73 | F8: ASV9 | G8: ASV45 | H8: ASV3787 | I8: ASV31 | J8: ASV1089 | K8: ASV2839 | L8: ASV38 | M8: ASV48 | N8: ASV55 | O8: ASV1515 | P8: ASV2996 | Q8: ASV2874 | R8: ASV167 | S8: ASV77 | T8: ASV1853
C9: H_CE_GCA_025149785.1 | D9: H_CE_GCA_900474605.1 | E9: H_CE_GCA_013046825.1 | F9: H_CE_GCA_012317385.1 | G9: H_CE_GCA_000005845.2 | H9: H_CE_GCA_022846095.1 | I9: H_CE_GCA_003703885.1 | J9: W_CE_GCA_034174805.1 | K9: W_CE_GCA_025264445.1 | L9: W_CE_GCA_025148125.1 | M9: W_CE_GCA_025147765.1 | N9: W_CE_GCA_014982935.1 | O9: W_CE_GCA_013267695.1 | P9: W_CE_GCA_003732525.1 | Q9: W_CE_GCA_003019315.1 | R9: W_CE_GCA_002736145.1 | S9: W_CE_GCA_001908415.1 | T9: W_GCA_000056065.1 | U9: H6_PBMC | V9: H7_PBMC | W9: W10_PBMC | X9: W6_PBMC
A10: AAA | B10: =IF(OR(RIGHT(A10,1)="A",RIGHT(A10,1)="T"),"A/T","G/C") -> A/T | C10: 1.2088429 | D10: 1.552149 | E10: 1.5591946 | F10: 1.5187491 | G10: 1.5344933 | H10: 0.45727555 | I10: 1.0956245 | J10: 1.6843118 | K10: 1.7985108 | L10: 1.2745115 | M10: 1.3642961 | N10: 1.4902614 | O10: 1.5970184 | P10: 1.5278473 | Q10: 1.6205278 | R10: 0.32621684 | S10: 0.51771298 | T10: 0.50928423 | U10: 0.82420333 | V10: 0.84761225 | W10: 0.72913694 | X10: 0.72889925
A11: AAC | B11: =IF(OR(RIGHT(A11,1)="A",RIGHT(A11,1)="T"),"A/T","G/C") -> G/C | C11: 0.66831659 | D11: 0.44187311 | E11: 0.41820066 | F11: 0.33113056 | G11: 1.1056573 | H11: 1.6368538 | I11: 0 | J11: 0.26299282 | K11: 0.57416653 | L11: 0.65698822 | M11: 0.63390209 | N11: 0.93756226 | O11: 0.5642554 | P11: 0.41853426 | Q11: 0.30417004 | R11: 1.5653435 | S11: 1.2931713 | T11: 1.3166014 | U11: 1.0953025 | V11: 1.0755309 | W11: 1.2093849 | X11: 1.2117844
A12: AAG | B12: =IF(OR(RIGHT(A12,1)="A",RIGHT(A12,1)="T"),"A/T","G/C") -> G/C | C12: 0.79115708 | D12: 0.44785105 | E12: 0.44080537 | F12: 0.48125091 | G12: 0.4655067 | H12: 1.5427245 | I12: 0.90437554 | J12: 0.31568819 | K12: 0.2014892 | L12: 0.72548854 | M12: 0.63570392 | N12: 0.5097386 | O12: 0.4029816 | P12: 0.47215268 | Q12: 0.37947216 | R12: 1.6737832 | S12: 1.482287 | T12: 1.4907158 | U12: 1.1757967 | V12: 1.1523878 | W12: 1.2708631 | X12: 1.2711007
A13: AAT | B13: =IF(OR(RIGHT(A13,1)="A",RIGHT(A13,1)="T"),"A/T","G/C") -> A/T | C13: 1.3316834 | D13: 1.5581269 | E13: 1.5817993 | F13: 1.6688694 | G13: 0.89434271 | H13: 0.36314621 | I13: 0 | J13: 1.7370072 | K13: 1.4258335 | L13: 1.3430118 | M13: 1.3660979 | N13: 1.0624377 | O13: 1.4357446 | P13: 1.5814657 | Q13: 1.69583 | R13: 0.43465653 | S13: 0.70682875 | T13: 0.68339855 | U13: 0.90469753 | V13: 0.92446909 | W13: 0.79061514 | X13: 0.78821564
A14: ACA | B14: =IF(OR(RIGHT(A14,1)="A",RIGHT(A14,1)="T"),"A/T","G/C") -> A/T | C14: 1.695286 | D14: 1.2742812 | E14: 1.7010858 | F14: 1.7933592 | G14: 0.51469138 | H14: 0.21643251 | I14: 0 | J14: 1.972937 | K14: 0.78504673 | L14: 1.8431514 | M14: 1.8813726 | N14: 1.8633721 | O14: 1.7040754 | P14: 1.441668 | Q14: 1.7680812 | R14: 0.2060243 | S14: 0.31869402 | T14: 0.31146774 | U14: 1.075281 | V14: 1.097374 | W14: 0.95089291 | X14: 0.94136558
A15: ACC | B15: =IF(OR(RIGHT(A15,1)="A",RIGHT(A15,1)="T"),"A/T","G/C") -> G/C | C15: 0.89875482 | D15: 0.76117119 | E15: 0.45786628 | F15: 0.12223404 | G15: 1.7506286 | H15: 2.8040785 | I15: 0 | J15: 0.16483179 | K15: 1.4485119 | L15: 0.80768374 | M15: 0.71101927 | N15: 1.1400634 | O15: 0.53819373 | P15: 0.72801925 | Q15: 0.12168678 | R15: 2.0034393 | S15: 1.6638255 | T15: 1.6818394 | U15: 1.4166976 | V15: 1.3920074 | W15: 1.578409 | X15: 1.5754043
A16: ACG | B16: =IF(OR(RIGHT(A16,1)="A",RIGHT(A16,1)="T"),"A/T","G/C") -> G/C | C16: 0.73897278 | D16: 0.78259035 | E16: 0.91863379 | F16: 0.16386877 | G16: 1.0725052 | H16: 0.83626771 | I16: 0 | J16: 0.14669893 | K16: 0.77239396 | L16: 0.46648107 | M16: 0.62132042 | N16: 0.43375617 | O16: 0.64233054 | P16: 0.71942261 | Q16: 0.041343669 | R16: 1.5072946 | S16: 0.78243282 | T16: 0.79565327 | U16: 0.55933646 | V16: 0.53974269 | W16: 0.64597244 | X16: 0.66047694
A17: ACT | B17: =IF(OR(RIGHT(A17,1)="A",RIGHT(A17,1)="T"),"A/T","G/C") -> A/T | C17: 0.66698643 | D17: 1.1819573 | E17: 0.92241417 | F17: 1.920538 | G17: 0.66217474 | H17: 0.14322129 | I17: 0 | J17: 1.7155322 | K17: 0.99404745 | L17: 0.88268374 | M17: 0.78628773 | N17: 0.56280832 | O17: 1.1154004 | P17: 1.1108901 | Q17: 2.0688884 | R17: 0.2832418 | S17: 1.2350477 | T17: 1.2110395 | U17: 0.94868493 | V17: 0.97087592 | W17: 0.82472566 | X17: 0.82275323
A18: AGA | B18: =IF(OR(RIGHT(A18,1)="A",RIGHT(A18,1)="T"),"A/T","G/C") -> A/T | C18: 1.9790772 | D18: 1.1081948 | E18: 1.0592135 | F18: 4.9494198 | G18: 0.21333008 | H18: 0.13977768 | I18: 0.46743804 | J18: 5.0807683 | K18: 0.41943872 | L18: 2.1077663 | M18: 2.038995 | N18: 1.625922 | O18: 0.69197442 | P18: 3.0704132 | Q18: 5.3436626 | R18: 0.090549592 | S18: 1.0101963 | T18: 0.97058824 | U18: 1.214156 | V18: 1.2785368 | W18: 1.0274827 | X18: 1.0239431
A19: AGC | B19: =IF(OR(RIGHT(A19,1)="A",RIGHT(A19,1)="T"),"A/T","G/C") -> G/C | C19: 1.034682 | D19: 0.70701701 | E19: 0.41793973 | F19: 0.46283478 | G19: 1.6704955 | H19: 2.018353 | I19: 0 | J19: 0.39546064 | K19: 1.1051922 | L19: 1.0350585 | M19: 0.95723847 | N19: 1.4932739 | O19: 0.84659977 | P19: 0.66604423 | Q19: 0.32473735 | R19: 1.6064423 | S19: 2.0016269 | T19: 2.0319047 | U19: 1.4353908 | V19: 1.4128015 | W19: 1.604821 | X19: 1.6032355
A20: AGG | B20: =IF(OR(RIGHT(A20,1)="A",RIGHT(A20,1)="T"),"A/T","G/C") -> G/C | C20: 0.5749934 | D20: 0.21027515 | E20: 0.22083348 | F20: 0.59569674 | G20: 0.11825465 | H20: 0.47153372 | I20: 0.20944414 | J20: 0.50975306 | K20: 0.060180338 | L20: 0.70199645 | M20: 0.50693536 | N20: 0.27879344 | O20: 0.19781308 | P20: 0.48132231 | Q20: 0.39143533 | R20: 0.25905899 | S20: 0.32781035 | T20: 0.32506394 | U20: 1.1964193 | V20: 1.2143534 | W20: 1.208372 | X20: 1.2079256
A21: AGT | B21: =IF(OR(RIGHT(A21,1)="A",RIGHT(A21,1)="T"),"A/T","G/C") -> A/T | C21: 1.197236 | D21: 1.7665553 | E21: 1.5965562 | F21: 1.8204617 | G21: 0.9021513 | H21: 0.19554541 | I21: 0 | J21: 1.5992844 | K21: 1.2478642 | L21: 1.1535039 | M21: 1.254657 | N21: 0.80998363 | O21: 1.2730417 | P21: 1.3861916 | Q21: 1.8883886 | R21: 0.28282774 | S21: 0.63358641 | T21: 0.60804501 | U21: 0.92346384 | V21: 0.93824381 | W21: 0.80201005 | X21: 0.80786687
... A71: TTT | B71: =IF(OR(RIGHT(A71,1)="A",RIGHT(A71,1)="T"),"A/T","G/C") -> A/T | C71: 1.3049365 | D71: 1.5327527 | E71: 1.4933101 | F71: 1.6435451 | G71: 1.1465698 | H71: 0.5766491 | I71: 0 | J71: 1.7178392 | K71: 1.520108 | L71: 1.3609676 | M71: 1.3806403 | N71: 1.135451 | O71: 1.4416388 | P71: 1.551225 | Q71: 1.6897588 | R71: 1.0089725 | S71: 1.0111504 | T71: 0.99786875 | U71: 0.93328604 | V71: 0.95309771 | W71: 0.82910161 | X71: 0.82559922
A72: allAA_AT3 | C72: =AVERAGEIF($B10:$B71,"A/T",C10:C71) -> 1.1500348 | D72: =AVERAGEIF($B10:$B71,"A/T",D10:D71) -> 1.4138069 | E72: =AVERAGEIF($B10:$B71,"A/T",E10:E71) -> 1.5096558 | F72: =AVERAGEIF($B10:$B71,"A/T",F10:F71) -> 1.7084742 | G72: =AVERAGEIF($B10:$B71,"A/T",G10:G71) -> 0.9089904 | H72: =AVERAGEIF($B10:$B71,"A/T",H10:H71) -> 0.29372803 | I72: =AVERAGEIF($B10:$B71,"A/T",I10:I71) -> 0.7168454 | J72: =AVERAGEIF($B10:$B71,"A/T",J10:J71) -> 1.6900434 | ... X72: =AVERAGEIF($B10:$B71,"A/T",X10:X71) -> 0.68045617
A73: allAA_GC3 | C73: =AVERAGEIF($B10:$B71,"G/C",C10:C71) -> 0.83996285 | D73: =AVERAGEIF($B10:$B71,"G/C",D10:D71) -> 0.55860602 | E73: =AVERAGEIF($B10:$B71,"G/C",E10:E71) -> 0.45636711 | F73: =AVERAGEIF($B10:$B71,"G/C",F10:F71) -> 0.24429415 | G73: =AVERAGEIF($B10:$B71,"G/C",G10:G71) -> 1.0970769 | H73: =AVERAGEIF($B10:$B71,"G/C",H10:H71) -> 1.7533568 | I73: =AVERAGEIF($B10:$B71,"G/C",I10:I71) -> 0.33536491 | J73: =AVERAGEIF($B10:$B71,"G/C",J10:J71) -> 0.26395375 | ... X73: =AVERAGEIF($B10:$B71,"G/C",X10:X71) -> 1.2408467

Sheet total
C1: W_1CaeC | D1: W_3CaeC | E1: W_8CaeC | F1: W_4CaeC | G1: W_7CaeC | H1: W_10CaeC | I1: W_2CaeC | J1: W_5CaeC | K1: W_9CaeC | L1: W_6CaeC | M1: H_10CaeC | N1: H_8CaeC | O1: H_3CaeC | P1: H_7CaeC | Q1: H_6CaeC | R1: H_2CaeC | S1: H_4CaeC | T1: H_5CaeC | U1: H_1CaeC | V1: H_9CaeC | W1: W-CE | X1: H-CE
A2: GCA_000005845.2 | B2: ASV45 | C2: 537 | D2: 661 | E2: 796 | F2: 1160 | G2: 220 | H2: 749 | I2: 83 | J2: 559 | K2: 100 | L2: 124 | M2: 4 | N2: 101 | O2: 111 | P2: 3 | Q2: 342 | R2: 4494 | S2: 191 | T2: 35 | U2: 2297 | V2: 5 | W2: 498.9 | X2: 758.3 | Y2: =IF(AND(W2>X2,W2>10),"W","H") -> H
A3: GCA_000194115.1 | B3: ASV2 | C3: 955 | D3: 3790 | E3: 1391 | F3: 403 | G3: 3604 | H3: 8267 | I3: 423 | J3: 7112 | K3: 1162 | L3: 429 | M3: 0 | N3: 1794 | O3: 2043 | P3: 0 | Q3: 734 | R3: 0 | S3: 16 | T3: 1316 | U3: 3 | V3: 6 | W3: 2753.6 | X3: 591.2 | Y3: =IF(AND(W3>X3,W3>10),"W","H") -> W
A4: GCA_000407565.1 | M4: 26 | N4: 52 | O4: 0 | P4: 50 | Q4: 0 | R4: 637 | S4: 209 | T4: 22 | U4: 0 | V4: 96 | X4: 109.2 | Y4: =IF(AND(W4>X4,W4>10),"W","H") -> H
A5: GCA_001701045.1 | M5: 0 | N5: 8 | O5: 0 | P5: 3 | Q5: 28 | R5: 824 | S5: 0 | T5: 12 | U5: 7 | V5: 0 | X5: 88.2 | Y5: =IF(AND(W5>X5,W5>10),"W","H") -> H
A6: GCA_002736145.1 | B6: ASV167 | C6: 646 | D6: 150 | E6: 6 | F6: 86 | G6: 209 | H6: 11 | I6: 173 | J6: 2661 | K6: 2234 | L6: 406 | M6: 1278 | N6: 138 | O6: 73 | P6: 78 | Q6: 248 | R6: 116 | S6: 84 | T6: 669 | U6: 29 | V6: 327 | W6: 658.2 | X6: 304 | Y6: =IF(AND(W6>X6,W6>10),"W","H") -> W
A7: GCA_003006415.1 | B7: ASV1540 | C7: 0 | D7: 0 | E7: 23 | F7: 5 | G7: 58 | H7: 2859 | I7: 0 | J7: 234 | K7: 699 | L7: 61 | M7: 0 | N7: 140 | O7: 0 | P7: 0 | Q7: 1199 | R7: 0 | S7: 0 | T7: 0 | U7: 0 | V7: 0 | W7: 393.9 | X7: 133.9 | Y7: =IF(AND(W7>X7,W7>10),"W","H") -> W
A8: GCA_003703885.1 | B8: ASV31 | C8: 112 | D8: 56 | E8: 59 | F8: 48 | G8: 103 | H8: 116 | I8: 96 | J8: 45 | K8: 132 | L8: 124 | M8: 277 | N8: 165 | O8: 134 | P8: 43 | Q8: 146 | R8: 0 | S8: 37 | T8: 184 | U8: 12 | V8: 96 | W8: 89.1 | X8: 109.4 | Y8: =IF(AND(W8>X8,W8>10),"W","H") -> H
A9: GCA_009695655.1 | B9: ASV17 | C9: 9 | D9: 12 | E9: 351 | F9: 47 | G9: 596 | H9: 168 | I9: 57 | J9: 53 | K9: 9 | L9: 28 | M9: 34 | N9: 72 | O9: 148 | P9: 6 | Q9: 188 | R9: 381 | S9: 393 | T9: 645 | U9: 0 | V9: 13 | W9: 133 | X9: 188 | Y9: =IF(AND(W9>X9,W9>10),"W","H") -> H
A10: GCA_012317385.1 | M10: 464 | N10: 502 | O10: 310 | P10: 1425 | Q10: 581 | R10: 1078 | S10: 1122 | T10: 557 | U10: 116 | V10: 1812 | X10: 796.7 | Y10: =IF(AND(W10>X10,W10>10),"W","H") -> H
A11: GCA_013046825.1 | M11: 260 | N11: 109 | O11: 34 | P11: 342 | Q11: 91 | R11: 30 | S11: 217 | T11: 56 | U11: 114 | V11: 440 | X11: 169.3 | Y11: =IF(AND(W11>X11,W11>10),"W","H") -> H
A12: GCA_013374815.1 | M12: 0 | N12: 0 | O12: 0 | P12: 0 | Q12: 71 | R12: 991 | S12: 0 | T12: 0 | U12: 0 | V12: 0 | X12: 106.2 | Y12: =IF(AND(W12>X12,W12>10),"W","H") -> H
A13: GCA_014058685.1 | B13: ASV7 | C13: 4 | D13: 1077 | E13: 320 | F13: 25 | G13: 15 | H13: 24 | I13: 27 | J13: 101 | K13: 36 | L13: 1 | M13: 4857 | N13: 18 | O13: 477 | P13: 1225 | Q13: 668 | R13: 43 | S13: 1003 | T13: 39 | U13: 3 | V13: 3891 | W13: 163 | X13: 1222.4 | Y13: =IF(AND(W13>X13,W13>10),"W","H") -> H
A14: GCA_014898655.1 | B14: ASV22 | C14: 174 | D14: 1295 | E14: 314 | F14: 144 | G14: 1159 | H14: 106 | I14: 374 | J14: 89 | K14: 845 | L14: 97 | M14: 235 | N14: 86 | O14: 276 | P14: 83 | Q14: 250 | R14: 4 | S14: 485 | T14: 64 | U14: 0 | V14: 230 | W14: 459.7 | X14: 171.3 | Y14: =IF(AND(W14>X14,W14>10),"W","H") -> W
A15: GCA_014982935.1 | B15: ASV55 | C15: 32 | D15: 0 | E15: 0 | F15: 1903 | G15: 32 | H15: 3 | I15: 147 | J15: 231 | K15: 1655 | L15: 632 | M15: 5 | N15: 71 | O15: 532 | P15: 162 | Q15: 855 | R15: 101 | S15: 81 | T15: 237 | U15: 267 | V15: 29 | W15: 463.5 | X15: 234 | Y15: =IF(AND(W15>X15,W15>10),"W","H") -> W
A16: GCA_020138775.1 | M16: 1412 | N16: 112 | O16: 135 | P16: 198 | Q16: 304 | R16: 43 | S16: 110 | T16: 261 | U16: 827 | V16: 245 | X16: 364.7 | Y16: =IF(AND(W16>X16,W16>10),"W","H") -> H
A17: GCA_020892115.1 | M17: 7 | N17: 154 | O17: 189 | P17: 155 | Q17: 0 | R17: 358 | S17: 5 | T17: 14 | U17: 42 | V17: 205 | X17: 112.9 | Y17: =IF(AND(W17>X17,W17>10),"W","H") -> H
A18: GCA_021412605.1 | M18: 68 | N18: 114 | O18: 83 | P18: 143 | Q18: 124 | R18: 38 | S18: 190 | T18: 518 | U18: 100 | V18: 287 | X18: 166.5 | Y18: =IF(AND(W18>X18,W18>10),"W","H") -> H
A19: GCA_022010015.1 | M19: 34 | N19: 59 | O19: 87 | P19: 125 | Q19: 93 | R19: 52 | S19: 74 | T19: 136 | U19: 24 | V19: 170 | X19: 85.4 | Y19: =IF(AND(W19>X19,W19>10),"W","H") -> H
A20: GCA_022845955.1 | M20: 6 | N20: 546 | O20: 0 | P20: 0 | Q20: 0 | R20: 0 | S20: 196 | T20: 76 | U20: 0 | V20: 0 | X20: 82.4 | Y20: =IF(AND(W20>X20,W20>10),"W","H") -> H
A21: GCA_022846015.1 | M21: 448 | N21: 56 | O21: 245 | P21: 0 | Q21: 61 | R21: 0 | S21: 401 | T21: 19 | U21: 57 | V21: 0 | X21: 128.7 | Y21: =IF(AND(W21>X21,W21>10),"W","H") -> H
A22: GCA_022846095.1 | M22: 0 | N22: 345 | O22: 0 | P22: 0 | Q22: 383 | R22: 0 | S22: 0 | T22: 173 | U22: 340 | V22: 0 | X22: 124.1 | Y22: =IF(AND(W22>X22,W22>10),"W","H") -> H
A23: GCA_025149785.1 | M23: 130 | N23: 154 | O23: 304 | P23: 50 | Q23: 319 | R23: 0 | S23: 642 | T23: 241 | U23: 64 | V23: 36 | X23: 194 | Y23: =IF(AND(W23>X23,W23>10),"W","H") -> H
A24: GCA_025311515.1 | B24: ASV1527 | C24: 418 | D24: 1020 | E24: 1849 | F24: 826 | G24: 713 | H24: 1792 | I24: 3389 | J24: 3037 | K24: 4285 | L24: 613 | M24: 0 | N24: 318 | O24: 0 | P24: 0 | Q24: 0 | R24: 0 | S24: 0 | T24: 2006 | U24: 0 | V24: 0 | W24: 1794.2 | X24: 232.4 | Y24: =IF(AND(W24>X24,W24>10),"W","H") -> W
A25: GCA_900163975.1 | M25: 155 | N25: 312 | O25: 737 | P25: 200 | Q25: 2247 | R25: 0 | S25: 102 | T25: 126 | U25: 127 | V25: 56 | X25: 406.2 | Y25: =IF(AND(W25>X25,W25>10),"W","H") -> H
A26: GCA_900167205.1 | B26: ASV1831 | C26: 0 | D26: 2630 | E26: 0 | F26: 0 | G26: 0 | H26: 0 | I26: 0 | J26: 0 | K26: 0 | L26: 0 | M26: 101 | N26: 1021 | O26: 0 | P26: 0 | Q26: 0 | R26: 0 | S26: 4116 | T26: 843 | U26: 0 | V26: 0 | W26: 263 | X26: 608.1 | Y26: =IF(AND(W26>X26,W26>10),"W","H") -> H
A27: GCA_900474605.1 | M27: 142 | N27: 212 | O27: 12 | P27: 232 | Q27: 0 | R27: 3378 | S27: 923 | T27: 104 | U27: 29 | V27: 347 | X27: 537.9 | Y27: =IF(AND(W27>X27,W27>10),"W","H") -> H
A28: GCA_000056065.1 | B28: ASV1853 | C28: 75 | D28: 97 | E28: 533 | F28: 132 | G28: 0 | H28: 236 | I28: 220 | J28: 41 | K28: 163 | L28: 148 | W28: 164.5 | Y28: =IF(AND(W28>X28,W28>10),"W","H") -> W
A29: GCA_014898655.1 | B29: ASV22 | C29: 174 | D29: 1295 | E29: 314 | F29: 144 | G29: 1159 | H29: 106 | I29: 374 | J29: 89 | K29: 845 | L29: 97 | M29: 235 | N29: 86 | O29: 276 | P29: 83 | Q29: 250 | R29: 4 | S29: 485 | T29: 64 | U29: 0 | V29: 230 | W29: 459.7 | X29: 171.3 | Y29: =IF(AND(W29>X29,W29>10),"W","H") -> W
A30: GCA_000005845.2 | B30: ASV45 | C30: 537 | D30: 661 | E30: 796 | F30: 1160 | G30: 220 | H30: 749 | I30: 83 | J30: 559 | K30: 100 | L30: 124 | M30: 4 | N30: 101 | O30: 111 | P30: 3 | Q30: 342 | R30: 4494 | S30: 191 | T30: 35 | U30: 2297 | V30: 5 | W30: 498.9 | X30: 758.3 | Y30: =IF(AND(W30>X30,W30>10),"W","H") -> H
A31: GCA_000025985.1 | B31: ASV7036 | C31: 634 | D31: 0 | E31: 0 | F31: 0 | G31: 76 | H31: 0 | I31: 0 | J31: 0 | K31: 0 | L31: 0 | W31: 71 | Y31: =IF(AND(W31>X31,W31>10),"W","H") -> W
A32: GCA_000056065.1 | B32: ASV1853 | C32: 75 | D32: 97 | E32: 533 | F32: 132 | G32: 0 | H32: 236 | I32: 220 | J32: 41 | K32: 163 | L32: 148 | W32: 164.5 | Y32: =IF(AND(W32>X32,W32>10),"W","H") -> W
A33: GCA_000194115.1 | B33: ASV2 | C33: 955 | D33: 3790 | E33: 1391 | F33: 403 | G33: 3604 | H33: 8267 | I33: 423 | J33: 7112 | K33: 1162 | L33: 429 | M33: 0 | N33: 1794 | O33: 2043 | P33: 0 | Q33: 734 | R33: 0 | S33: 16 | T33: 1316 | U33: 3 | V33: 6 | W33: 2753.6 | X33: 591.2 | Y33: =IF(AND(W33>X33,W33>10),"W","H") -> W
A34: GCA_001908415.1 | B34: ASV77 | C34: 633 | D34: 800 | E34: 3126 | F34: 895 | G34: 606 | H34: 1433 | I34: 1440 | J34: 449 | K34: 947 | L34: 959 | W34: 1128.8 | Y34: =IF(AND(W34>X34,W34>10),"W","H") -> W
A35: GCA_002736145.1 | B35: ASV167 | C35: 646 | D35: 150 | E35: 6 | F35: 86 | G35: 209 | H35: 11 | I35: 173 | J35: 2661 | K35: 2234 | L35: 406 | M35: 1278 | N35: 138 | O35: 73 | P35: 78 | Q35: 248 | R35: 116 | S35: 84 | T35: 669 | U35: 29 | V35: 327 | W35: 658.2 | X35: 304 | Y35: =IF(AND(W35>X35,W35>10),"W","H") -> W
A36: GCA_003006415.1 | B36: ASV1540 | C36: 0 | D36: 0 | E36: 23 | F36: 5 | G36: 58 | H36: 2859 | I36: 0 | J36: 234 | K36: 699 | L36: 61 | M36: 0 | N36: 140 | O36: 0 | P36: 0 | Q36: 1199 | R36: 0 | S36: 0 | T36: 0 | U36: 0 | V36: 0 | W36: 393.9 | X36: 133.9 | Y36: =IF(AND(W36>X36,W36>10),"W","H") -> W
A37: GCA_003010495.1 | B37: ASV3402 | C37: 0 | D37: 0 | E37: 0 | F37: 0 | G37: 25 | H37: 831 | I37: 0 | J37: 38 | K37: 0 | L37: 7 | W37: 90.1 | Y37: =IF(AND(W37>X37,W37>10),"W","H") -> W
A38: GCA_003019315.1 | B38: ASV2874 | C38: 877 | D38: 36 | E38: 81 | F38: 1560 | G38: 0 | H38: 516 | I38: 2470 | J38: 44 | K38: 290 | L38: 3828 | W38: 970.2 | Y38: =IF(AND(W38>X38,W38>10),"W","H") -> W
A39: GCA_003703885.1 | B39: ASV31 | C39: 112 | D39: 56 | E39: 59 | F39: 48 | G39: 103 | H39: 116 | I39: 96 | J39: 45 | K39: 132 | L39: 124 | M39: 277 | N39: 165 | O39: 134 | P39: 43 | Q39: 146 | R39: 0 | S39: 37 | T39: 184 | U39: 12 | V39: 96 | W39: 89.1 | X39: 109.4 | Y39: =IF(AND(W39>X39,W39>10),"W","H") -> H
A40: GCA_003732525.1 | B40: ASV2996 | C40: 0 | D40: 0 | E40: 64 | F40: 280 | G40: 6189 | H40: 0 | I40: 124 | J40: 4 | K40: 7 | L40: 1220 | W40: 788.8 | Y40: =IF(AND(W40>X40,W40>10),"W","H") -> W
A41: GCA_009695655.1 | B41: ASV17 | C41: 9 | D41: 12 | E41: 351 | F41: 47 | G41: 596 | H41: 168 | I41: 57 | J41: 53 | K41: 9 | L41: 28 | M41: 34 | N41: 72 | O41: 148 | P41: 6 | Q41: 188 | R41: 381 | S41: 393 | T41: 645 | U41: 0 | V41: 13 | W41: 133 | X41: 188 | Y41: =IF(AND(W41>X41,W41>10),"W","H") -> H
A42: GCA_009695815.1 | B42: ASV318 | C42: 77 | D42: 0 | E42: 2 | F42: 29 | G42: 165 | H42: 0 | I42: 148 | J42: 139 | K42: 350 | L42: 86 | W42: 99.6 | Y42: =IF(AND(W42>X42,W42>10),"W","H") -> W
A43: GCA_009730395.1 | B43: ASV2586 | C43: 5 | D43: 0 | E43: 0 | F43: 118 | G43: 0 | H43: 0 | I43: 69 | J43: 185 | K43: 2 | L43: 446 | W43: 82.5 | Y43: =IF(AND(W43>X43,W43>10),"W","H") -> W
A44: GCA_013267695.1 | B44: ASV1515 | C44: 2208 | D44: 24 | E44: 38 | F44: 753 | G44: 496 | H44: 0 | I44: 587 | J44: 83 | K44: 571 | L44: 350 | W44: 511 | Y44: =IF(AND(W44>X44,W44>10),"W","H") -> W
A45: GCA_014058685.1 | B45: ASV7 | C45: 4 | D45: 1077 | E45: 320 | F45: 25 | G45: 15 | H45: 24 | I45: 27 | J45: 101 | K45: 36 | L45: 1 | M45: 4857 | N45: 18 | O45: 477 | P45: 1225 | Q45: 668 | R45: 43 | S45: 1003 | T45: 39 | U45: 3 | V45: 3891 | W45: 163 | X45: 1222.4 | Y45: =IF(AND(W45>X45,W45>10),"W","H") -> H
A46: GCA_014898655.1 | B46: ASV22 | C46: 174 | D46: 1295 | E46: 314 | F46: 144 | G46: 1159 | H46: 106 | I46: 374 | J46: 89 | K46: 845 | L46: 97 | M46: 235 | N46: 86 | O46: 276 | P46: 83 | Q46: 250 | R46: 4 | S46: 485 | T46: 64 | U46: 0 | V46: 230 | W46: 459.7 | X46: 171.3 | Y46: =IF(AND(W46>X46,W46>10),"W","H") -> W
A47: GCA_014982935.1 | B47: ASV55 | C47: 32 | D47: 0 | E47: 0 | F47: 1903 | G47: 32 | H47: 3 | I47: 147 | J47: 231 | K47: 1655 | L47: 632 | M47: 5 | N47: 71 | O47: 532 | P47: 162 | Q47: 855 | R47: 101 | S47: 81 | T47: 237 | U47: 267 | V47: 29 | W47: 463.5 | X47: 234 | Y47: =IF(AND(W47>X47,W47>10),"W","H") -> W
A48: GCA_023497905.1 | B48: ASV2860 | C48: 10 | D48: 10 | E48: 83 | F48: 0 | G48: 79 | H48: 234 | I48: 38 | J48: 11 | K48: 0 | L48: 743 | W48: 120.8 | Y48: =IF(AND(W48>X48,W48>10),"W","H") -> W
A49: GCA_025147765.1 | B49: ASV48 | C49: 935 | D49: 0 | E49: 0 | F49: 0 | G49: 162 | H49: 0 | I49: 137 | J49: 101 | K49: 261 | L49: 588 | W49: 218.4 | Y49: =IF(AND(W49>X49,W49>10),"W","H") -> W
A50: GCA_025148125.1 | B50: ASV38 | C50: 2533 | D50: 23 | E50: 8 | F50: 0 | G50: 0 | H50: 0 | I50: 0 | J50: 12 | K50: 0 | L50: 0 | W50: 257.6 | Y50: =IF(AND(W50>X50,W50>10),"W","H") -> W
A51: GCA_025264445.1 | B51: ASV2839 | C51: 57 | D51: 16 | E51: 33 | F51: 276 | G51: 28 | H51: 15 | I51: 573 | J51: 24 | K51: 140 | L51: 96 | W51: 125.8 | Y51: =IF(AND(W51>X51,W51>10),"W","H") -> W
A52: GCA_025311515.1 | B52: ASV1527 | C52: 418 | D52: 1020 | E52: 1849 | F52: 826 | G52: 713 | H52: 1792 | I52: 3389 | J52: 3037 | K52: 4285 | L52: 613 | M52: 0 | N52: 318 | O52: 0 | P52: 0 | Q52: 0 | R52: 0 | S52: 0 | T52: 2006 | U52: 0 | V52: 0 | W52: 1794.2 | X52: 232.4 | Y52: =IF(AND(W52>X52,W52>10),"W","H") -> W
A53: GCA_029224645.1 | B53: ASV172 | C53: 116 | D53: 12 | E53: 61 | F53: 88 | G53: 80 | H53: 38 | I53: 111 | J53: 172 | K53: 193 | L53: 32 | W53: 90.3 | Y53: =IF(AND(W53>X53,W53>10),"W","H") -> W
A54: GCA_034174805.1 | B54: ASV1089 | C54: 74 | D54: 2 | E54: 30 | F54: 0 | G54: 1454 | H54: 0 | I54: 6 | J54: 10 | K54: 19 | L54: 11 | W54: 160.6 | Y54: =IF(AND(W54>X54,W54>10),"W","H") -> W
A55: GCA_900103425.1 | B55: ASV3058 | C55: 12 | D55: 0 | E55: 430 | F55: 1400 | G55: 24 | H55: 81 | I55: 10 | J55: 41 | K55: 323 | L55: 132 | W55: 245.3 | Y55: =IF(AND(W55>X55,W55>10),"W","H") -> W
A56: GCA_900167205.1 | B56: ASV1831 | C56: 0 | D56: 2630 | E56: 0 | F56: 0 | G56: 0 | H56: 0 | I56: 0 | J56: 0 | K56: 0 | L56: 0 | M56: 101 | N56: 1021 | O56: 0 | P56: 0 | Q56: 0 | R56: 0 | S56: 4116 | T56: 843 | U56: 0 | V56: 0 | W56: 263 | X56: 608.1 | Y56: =IF(AND(W56>X56,W56>10),"W","H") -> H
C57: H_10CaeC | D57: H_8CaeC | E57: H_3CaeC | F57: H_7CaeC | G57: H_6CaeC | H57: H_2CaeC | I57: H_4CaeC | J57: H_5CaeC | K57: H_1CaeC | L57: H_9CaeC | W57: H-CE
A58: GCA_000005845.2 | B58: ASV45 | C58: 4 | D58: 101 | E58: 111 | F58: 3 | G58: 342 | H58: 4494 | I58: 191 | J58: 35 | K58: 2297 | L58: 5 | W58: 758.3
A59: GCA_000194115.1 | B59: ASV2 | C59: 0 | D59: 1794 | E59: 2043 | F59: 0 | G59: 734 | H59: 0 | I59: 16 | J59: 1316 | K59: 3 | L59: 6 | W59: 591.2
A60: GCA_000407565.1 | B60: ASV1833 | C60: 26 | D60: 52 | E60: 0 | F60: 50 | G60: 0 | H60: 637 | I60: 209 | J60: 22 | K60: 0 | L60: 96 | W60: 109.2
A61: GCA_001701045.1 | B61: ASV3729 | C61: 0 | D61: 8 | E61: 0 | F61: 3 | G61: 28 | H61: 824 | I61: 0 | J61: 12 | K61: 7 | L61: 0 | W61: 88.2
A62: GCA_002736145.1 | B62: ASV167 | C62: 1278 | D62: 138 | E62: 73 | F62: 78 | G62: 248 | H62: 116 | I62: 84 | J62: 669 | K62: 29 | L62: 327 | W62: 304
A63: GCA_003006415.1 | B63: ASV1540 | C63: 0 | D63: 140 | E63: 0 | F63: 0 | G63: 1199 | H63: 0 | I63: 0 | J63: 0 | K63: 0 | L63: 0 | W63: 133.9
A64: GCA_003703885.1 | B64: ASV31 | C64: 277 | D64: 165 | E64: 134 | F64: 43 | G64: 146 | H64: 0 | I64: 37 | J64: 184 | K64: 12 | L64: 96 | W64: 109.4
A65: GCA_009695655.1 | B65: ASV17 | C65: 34 | D65: 72 | E65: 148 | F65: 6 | G65: 188 | H65: 381 | I65: 393 | J65: 645 | K65: 0 | L65: 13 | W65: 188
A66: GCA_012317385.1 | B66: ASV9 | C66: 464 | D66: 502 | E66: 310 | F66: 1425 | G66: 581 | H66: 1078 | I66: 1122 | J66: 557 | K66: 116 | L66: 1812 | W66: 796.7
A67: GCA_013046825.1 | B67: ASV73 | C67: 260 | D67: 109 | E67: 34 | F67: 342 | G67: 91 | H67: 30 | I67: 217 | J67: 56 | K67: 114 | L67: 440 | W67: 169.3
A68: GCA_013374815.1 | B68: ASV1517 | C68: 0 | D68: 0 | E68: 0 | F68: 0 | G68: 71 | H68: 991 | I68: 0 | J68: 0 | K68: 0 | L68: 0 | W68: 106.2
A69: GCA_014058685.1 | B69: ASV7 | C69: 4857 | D69: 18 | E69: 477 | F69: 1225 | G69: 668 | H69: 43 | I69: 1003 | J69: 39 | K69: 3 | L69: 3891 | W69: 1222.4
... A83: GCA_900474605.1 | B83: ASV1555 | C83: 142 | D83: 212 | E83: 12 | F83: 232 | G83: 0 | H83: 3378 | I83: 923 | J83: 104 | K83: 29 | L83: 347 | W83: 537.9
A84: GCA_000056065.1
A85: GCA_014898655.1 | B85: ASV22 | C85: 235 | D85: 86 | E85: 276 | F85: 83 | G85: 250 | H85: 4 | I85: 485 | J85: 64 | K85: 0 | L85: 230 | W85: 171.3
A86: GCA_000005845.2 | B86: ASV45 | C86: 4 | D86: 101 | E86: 111 | F86: 3 | G86: 342 | H86: 4494 | I86: 191 | J86: 35 | K86: 2297 | L86: 5 | W86: 758.3
A87: GCA_000025985.1
A88: GCA_000056065.1
A89: GCA_000194115.1 | B89: ASV2 | C89: 0 | D89: 1794 | E89: 2043 | F89: 0 | G89: 734 | H89: 0 | I89: 16 | J89: 1316 | K89: 3 | L89: 6 | W89: 591.2
A90: GCA_001908415.1
A91: GCA_002736145.1 | B91: ASV167 | C91: 1278 | D91: 138 | E91: 73 | F91: 78 | G91: 248 | H91: 116 | I91: 84 | J91: 669 | K91: 29 | L91: 327 | W91: 304
A92: GCA_003006415.1 | B92: ASV1540 | C92: 0 | D92: 140 | E92: 0 | F92: 0 | G92: 1199 | H92: 0 | I92: 0 | J92: 0 | K92: 0 | L92: 0 | W92: 133.9
A93: GCA_003010495.1
A94: GCA_003019315.1
A95: GCA_003703885.1 | B95: ASV31 | C95: 277 | D95: 165 | E95: 134 | F95: 43 | G95: 146 | H95: 0 | I95: 37 | J95: 184 | K95: 12 | L95: 96 | W95: 109.4
A96: GCA_003732525.1
A97: GCA_009695655.1 | B97: ASV17 | C97: 34 | D97: 72 | E97: 148 | F97: 6 | G97: 188 | H97: 381 | I97: 393 | J97: 645 | K97: 0 | L97: 13 | W97: 188
A98: GCA_009695815.1
A99: GCA_009730395.1
A100: GCA_013267695.1
A101: GCA_014058685.1 | B101: ASV7 | C101: 4857 | D101: 18 | E101: 477 | F101: 1225 | G101: 668 | H101: 43 | I101: 1003 | J101: 39 | K101: 3 | L101: 3891 | W101: 1222.4
A102: GCA_014898655.1 | B102: ASV22 | C102: 235 | D102: 86 | E102: 276 | F102: 83 | G102: 250 | H102: 4 | I102: 485 | J102: 64 | K102: 0 | L102: 230 | W102: 171.3
A103: GCA_014982935.1 | B103: ASV5 | C103: 5 | D103: 71 | E103: 532 | F103: 162 | G103: 855 | H103: 101 | I103: 81 | J103: 237 | K103: 267 | L103: 29 | W103: 234
A104: GCA_023497905.1
A105: GCA_025147765.1
A106: GCA_025148125.1
A107: GCA_025264445.1
A108: GCA_025311515.1 | B108: ASV1527 | C108: 0 | D108: 318 | E108: 0 | F108: 0 | G108: 0 | H108: 0 | I108: 0 | J108: 2006 | K108: 0 | L108: 0 | W108: 232.4
A109: GCA_029224645.1
A110: GCA_034174805.1
A111: GCA_900103425.1
A112: GCA_900167205.1 | B112: ASV1831 | C112: 101 | D112: 1021 | E112: 0 | F112: 0 | G112: 0 | H112: 0 | I112: 4116 | J112: 843 | K112: 0 | L112: 0 | W112: 608.1
